# best iteration: (array([26]),)
-0.162937,1.000000,1.400000,0.102358
0.589646,1.000000,1.400000,0.097357
0.094302,1.000000,1.400000,0.098647
0.167108,1.000000,1.400000,0.098193
0.527916,1.000000,1.400000,0.097389
-0.956204,1.000000,1.400000,0.100015
0.617952,1.000000,1.400000,0.097346
0.823156,1.000000,1.400000,0.097309
-1.087920,1.000000,1.400000,0.099917
-0.629804,1.000000,1.400000,0.108166
-0.203701,1.000000,1.400000,0.105641
0.192236,1.000000,1.400000,0.098070
-0.886245,1.000000,1.400000,0.100331
-0.943219,1.000000,1.400000,0.100045
-0.347005,1.000000,1.400000,0.290198
-0.446339,1.000000,1.400000,0.358098
0.239271,1.000000,1.400000,0.097880
-0.518805,1.000000,1.400000,0.130515
-0.725015,1.000000,1.400000,0.100795
-0.747308,1.000000,1.400000,0.100927
-0.758108,1.000000,1.400000,0.101587
-0.417957,1.000000,1.400000,0.511957
-0.288684,1.000000,1.400000,0.154856
-0.877868,1.000000,1.400000,0.100423
-0.566359,1.000000,1.400000,0.114840
-0.982316,1.000000,1.400000,0.099974
-0.907767,1.000000,1.400000,0.100181
-0.431076,1.000000,1.400000,0.460164
-0.416216,1.000000,1.400000,0.507394
-0.773698,1.000000,1.400000,0.102757
-0.723631,1.000000,1.400000,0.100830
-0.260949,1.000000,1.400000,0.125442
0.365543,1.000000,1.400000,0.097566
-0.802701,1.000000,1.400000,0.102782
0.238418,1.000000,1.400000,0.097884
0.327996,1.000000,1.400000,0.097637
-0.574628,1.000000,1.400000,0.114024
-0.420908,1.000000,1.400000,0.500314
-0.982316,1.000000,1.400000,0.099974
0.308229,1.000000,1.400000,0.097681
-0.831225,1.000000,1.400000,0.101535
-0.812588,1.000000,1.400000,0.102346
0.398401,1.000000,1.400000,0.097516
0.006666,1.000000,1.400000,0.099385
0.288165,1.000000,1.400000,0.097731
-0.491466,1.000000,1.400000,0.174287
-0.047757,1.000000,1.400000,0.099971
-0.901221,1.000000,1.400000,0.100220
-0.665207,1.000000,1.400000,0.104459
-0.937560,1.000000,1.400000,0.100061
0.816619,1.000000,1.400000,0.097309
0.767185,1.000000,1.400000,0.097314
-0.548360,1.000000,1.400000,0.117392
0.772973,1.000000,1.400000,0.097313
0.564735,1.000000,1.400000,0.097369
0.373340,1.000000,1.400000,0.097553
-1.045154,1.000000,1.400000,0.099929
-1.001144,1.000000,1.400000,0.099955
-0.086941,1.000000,1.400000,0.100505
0.202609,1.000000,1.400000,0.098024
0.647228,1.000000,1.400000,0.097337
-0.310403,1.000000,1.400000,0.193666
0.126643,1.000000,1.400000,0.098427
-0.325169,1.000000,1.400000,0.228314
-0.022546,1.000000,1.400000,0.099683
-0.055341,1.000000,1.400000,0.100065
-0.158919,1.000000,1.400000,0.102196
0.167331,1.000000,1.400000,0.098192
0.370327,1.000000,1.400000,0.097558
-0.088454,1.000000,1.400000,0.100529
-0.749133,1.000000,1.400000,0.101012
0.309727,1.000000,1.400000,0.097678
0.062163,1.000000,1.400000,0.098893
-1.086763,1.000000,1.400000,0.099918
-0.360582,1.000000,1.400000,0.333278
-0.078929,1.000000,1.400000,0.100385
-0.148337,1.000000,1.400000,0.101826
-0.303405,1.000000,1.400000,0.179547
-0.368685,1.000000,1.400000,0.359760
-0.038756,1.000000,1.400000,0.099865
0.618437,1.000000,1.400000,0.097346
-1.028151,1.000000,1.400000,0.099937
0.362522,1.000000,1.400000,0.097572
-1.033653,1.000000,1.400000,0.099934
0.662738,1.000000,1.400000,0.097333
0.220617,1.000000,1.400000,0.097950
0.376713,1.000000,1.400000,0.097548
-1.040541,1.000000,1.400000,0.099931
-0.596508,1.000000,1.400000,0.112016
-0.969260,1.000000,1.400000,0.099992
-0.148337,1.000000,1.400000,0.101826
0.537789,1.000000,1.400000,0.097383
0.105202,1.000000,1.400000,0.098570
0.223827,1.000000,1.400000,0.097937
0.142254,1.000000,1.400000,0.098332
-0.734252,1.000000,1.400000,0.100670
-0.717795,1.000000,1.400000,0.101017
-0.533754,1.000000,1.400000,0.121475
-0.133784,1.000000,1.400000,0.101417
-0.174073,1.000000,1.400000,0.102897
0.301737,1.000000,1.400000,0.097697
0.338251,1.000000,1.400000,0.097616
-0.645820,1.000000,1.400000,0.106373
0.133784,1.000000,1.400000,0.098383
-0.547596,1.000000,1.400000,0.117543
-0.475391,1.000000,1.400000,0.213898
-0.767206,1.000000,1.400000,0.102309
-0.105766,1.000000,1.400000,0.100821
-0.034813,1.000000,1.400000,0.099819
-0.280226,1.000000,1.400000,0.143678
-0.154909,1.000000,1.400000,0.102047
-0.342573,1.000000,1.400000,0.276763
-0.702868,1.000000,1.400000,0.101714
0.447665,1.000000,1.400000,0.097456
-0.008631,1.000000,1.400000,0.099537
-0.812588,1.000000,1.400000,0.102346
-0.416656,1.000000,1.400000,0.508693
-0.660054,1.000000,1.400000,0.104936
0.263188,1.000000,1.400000,0.097802
-0.773420,1.000000,1.400000,0.102740
-0.175177,1.000000,1.400000,0.102959
0.348332,1.000000,1.400000,0.097597
0.269573,1.000000,1.400000,0.097783
-0.548810,1.000000,1.400000,0.117306
-0.536210,1.000000,1.400000,0.120564
0.859191,1.000000,1.400000,0.097306
-0.005511,1.000000,1.400000,0.099506
-0.588886,1.000000,1.400000,0.112806
-1.087939,1.000000,1.400000,0.099917
0.357208,1.000000,1.400000,0.097581
-0.838700,1.000000,1.400000,0.101267
-0.930092,1.000000,1.400000,0.100084
0.662738,1.000000,1.400000,0.097333
0.166611,1.000000,1.400000,0.098196
1.094132,1.000000,1.400000,0.097299
-0.318624,1.000000,1.400000,0.212165
0.636626,1.000000,1.400000,0.097340
0.594595,1.000000,1.400000,0.097355
-0.212013,1.000000,1.400000,0.107021
-1.060651,1.000000,1.400000,0.099924
-0.616748,1.000000,1.400000,0.109703
-0.990674,1.000000,1.400000,0.099965
-0.118919,1.000000,1.400000,0.101077
0.594368,1.000000,1.400000,0.097355
-0.763061,1.000000,1.400000,0.101979
-0.119956,1.000000,1.400000,0.101099
-0.267213,1.000000,1.400000,0.130373
-0.175400,1.000000,1.400000,0.102972
-0.120621,1.000000,1.400000,0.101113
0.732921,1.000000,1.400000,0.097319
0.445691,1.000000,1.400000,0.097458
0.414674,1.000000,1.400000,0.097494
-0.295315,1.000000,1.400000,0.165138
0.517669,1.000000,1.400000,0.097396
-0.944124,1.000000,1.400000,0.100043
-0.074324,1.000000,1.400000,0.100318
-1.056532,1.000000,1.400000,0.099925
-0.869690,1.000000,1.400000,0.100537
-0.277293,1.000000,1.400000,0.140285
-0.038809,1.000000,1.400000,0.099865
-0.091575,1.000000,1.400000,0.100578
-0.616625,1.000000,1.400000,0.109717
-0.877868,1.000000,1.400000,0.100423
-0.931058,1.000000,1.400000,0.100081
0.059395,1.000000,1.400000,0.098916
-0.264237,1.000000,1.400000,0.127921
-0.708140,1.000000,1.400000,0.101437
0.879825,1.000000,1.400000,0.097305
0.375506,1.000000,1.400000,0.097550
-0.219290,1.000000,1.400000,0.108351
0.745112,1.000000,1.400000,0.097317
0.373714,1.000000,1.400000,0.097553
0.038541,1.000000,1.400000,0.099092
0.552180,1.000000,1.400000,0.097375
0.088275,1.000000,1.400000,0.098691
-1.073677,1.000000,1.400000,0.099921
0.217697,1.000000,1.400000,0.097961
-0.241635,1.000000,1.400000,0.114861
-0.531725,1.000000,1.400000,0.122322
-0.641731,1.000000,1.400000,0.106816
-1.079921,1.000000,1.400000,0.099919
0.444844,1.000000,1.400000,0.097459
-0.290243,1.000000,1.400000,0.157151
-0.189659,1.000000,1.400000,0.103994
0.141327,1.000000,1.400000,0.098337
-0.822624,1.000000,1.400000,0.101890
-0.475766,1.000000,1.400000,0.212821
-0.133677,1.000000,1.400000,0.101414
-0.290349,1.000000,1.400000,0.157310
0.693145,1.000000,1.400000,0.097326
0.766174,1.000000,1.400000,0.097314
-0.583517,1.000000,1.400000,0.113248
-0.535352,1.000000,1.400000,0.120869
-0.971388,1.000000,1.400000,0.099989
-1.008427,1.000000,1.400000,0.099950
-0.616748,1.000000,1.400000,0.109703
-0.473132,1.000000,1.400000,0.220605
0.558290,1.000000,1.400000,0.097372
0.728018,1.000000,1.400000,0.097320
-0.786476,1.000000,1.400000,0.103149
-0.256241,1.000000,1.400000,0.122275
-0.630816,1.000000,1.400000,0.108048
-1.100000,1.000000,1.400000,0.099915
0.035878,1.000000,1.400000,0.099115
-0.882921,1.000000,1.400000,0.100365
0.532480,1.000000,1.400000,0.097387
-0.650601,1.000000,1.400000,0.105872
-0.403530,1.000000,1.400000,0.469824
0.445946,1.000000,1.400000,0.097458
-0.375386,1.000000,1.400000,0.381694
0.879700,1.000000,1.400000,0.097305
0.375506,1.000000,1.400000,0.097550
-0.579730,1.000000,1.400000,0.113570
0.771464,1.000000,1.400000,0.097314
-1.074173,1.000000,1.400000,0.099920
-0.900436,1.000000,1.400000,0.100225
0.066987,1.000000,1.400000,0.098854
-0.702707,1.000000,1.400000,0.101723
-0.772973,1.000000,1.400000,0.102714
-0.531853,1.000000,1.400000,0.122265
0.338104,1.000000,1.400000,0.097617
0.819974,1.000000,1.400000,0.097309
0.358444,1.000000,1.400000,0.097579
0.092902,1.000000,1.400000,0.098657
-0.871853,1.000000,1.400000,0.100504
0.052729,1.000000,1.400000,0.098971
-0.034813,1.000000,1.400000,0.099819
-0.602434,1.000000,1.400000,0.111342
0.547085,1.000000,1.400000,0.097378
-0.277369,1.000000,1.400000,0.140370
-0.432148,1.000000,1.400000,0.455896
0.157211,1.000000,1.400000,0.098246
-0.668972,1.000000,1.400000,0.104126
0.560855,1.000000,1.400000,0.097371
0.142137,1.000000,1.400000,0.098332
0.254967,1.000000,1.400000,0.097828
0.036140,1.000000,1.400000,0.099113
0.489292,1.000000,1.400000,0.097417
0.258391,1.000000,1.400000,0.097817
-0.631660,1.000000,1.400000,0.107951
0.083800,1.000000,1.400000,0.098724
-0.222973,1.000000,1.400000,0.109143
-0.807549,1.000000,1.400000,0.102576
-0.721196,1.000000,1.400000,0.100901
0.291569,1.000000,1.400000,0.097722
-0.947695,1.000000,1.400000,0.100034
-1.048058,1.000000,1.400000,0.099928
-1.022647,1.000000,1.400000,0.099940
-0.913947,1.000000,1.400000,0.100150
-0.848181,1.000000,1.400000,0.100983
-0.460600,1.000000,1.400000,0.267003
-0.317269,1.000000,1.400000,0.208977
-0.159517,1.000000,1.400000,0.102219
-0.701768,1.000000,1.400000,0.101775
0.181052,1.000000,1.400000,0.098123
-0.840478,1.000000,1.400000,0.101209
-0.303010,1.000000,1.400000,0.178797
-0.714111,1.000000,1.400000,0.101163
-0.752843,1.000000,1.400000,0.101220
0.368252,1.000000,1.400000,0.097562
-0.489079,1.000000,1.400000,0.179444
-0.629804,1.000000,1.400000,0.108166
-0.629439,1.000000,1.400000,0.108208
-1.099103,1.000000,1.400000,0.099915
0.532178,1.000000,1.400000,0.097387
-0.694419,1.000000,1.400000,0.102215
-0.144277,1.000000,1.400000,0.101703
0.493738,1.000000,1.400000,0.097414
-0.967354,1.000000,1.400000,0.099995
-0.916796,1.000000,1.400000,0.100137
0.743243,1.000000,1.400000,0.097317
-0.831274,1.000000,1.400000,0.101534
-0.020622,1.000000,1.400000,0.099663
-0.536732,1.000000,1.400000,0.120385
0.085805,1.000000,1.400000,0.098709
-0.981510,1.000000,1.400000,0.099975
-0.914626,1.000000,1.400000,0.100147
-0.196400,1.000000,1.400000,0.104676
-0.431112,1.000000,1.400000,0.460021
0.495132,1.000000,1.400000,0.097413
-0.044595,1.000000,1.400000,0.099933
-0.577580,1.000000,1.400000,0.113758
-0.821110,1.000000,1.400000,0.101957
0.820484,1.000000,1.400000,0.097309
-0.985579,1.000000,1.400000,0.099971
0.078711,1.000000,1.400000,0.098763
-0.207627,1.000000,1.400000,0.106295
0.534070,1.000000,1.400000,0.097386
-0.072546,1.000000,1.400000,0.100293
0.215364,1.000000,1.400000,0.097971
-0.683784,1.000000,1.400000,0.102942
1.093585,1.000000,1.400000,0.097299
-0.798434,1.000000,1.400000,0.102940
-0.289465,1.000000,1.400000,0.155997
-1.042341,1.000000,1.400000,0.099931
-0.360316,1.000000,1.400000,0.332412
0.089189,1.000000,1.400000,0.098684
-0.759983,1.000000,1.400000,0.101733
0.195632,1.000000,1.400000,0.098055
-0.551821,1.000000,1.400000,0.116767
-1.059403,1.000000,1.400000,0.099925
-0.721196,1.000000,1.400000,0.100901
0.206426,1.000000,1.400000,0.098007
0.021949,1.000000,1.400000,0.099241
-0.063194,1.000000,1.400000,0.100166
0.440786,1.000000,1.400000,0.097463
0.218834,1.000000,1.400000,0.097957
0.361584,1.000000,1.400000,0.097573
0.212469,1.000000,1.400000,0.097982
-0.415135,1.000000,1.400000,0.504203
0.272946,1.000000,1.400000,0.097773
-1.016629,1.000000,1.400000,0.099944
-0.672529,1.000000,1.400000,0.103823
-0.251181,1.000000,1.400000,0.119328
0.277379,1.000000,1.400000,0.097760
0.596524,1.000000,1.400000,0.097354
-1.088662,1.000000,1.400000,0.099917
-0.302873,1.000000,1.400000,0.178537
-0.340580,1.000000,1.400000,0.270853
0.323634,1.000000,1.400000,0.097646
-1.086763,1.000000,1.400000,0.099918
-0.107565,1.000000,1.400000,0.100854
0.307955,1.000000,1.400000,0.097682
-0.660176,1.000000,1.400000,0.104925
-0.796660,1.000000,1.400000,0.102996
0.728485,1.000000,1.400000,0.097319
-0.642860,1.000000,1.400000,0.106692
-0.857864,1.000000,1.400000,0.100751
-0.886245,1.000000,1.400000,0.100331
-0.525356,1.000000,1.400000,0.125664
0.202434,1.000000,1.400000,0.098025
0.671691,1.000000,1.400000,0.097331
-0.801102,1.000000,1.400000,0.102845
0.024489,1.000000,1.400000,0.099218
-0.489252,1.000000,1.400000,0.179063
-0.225069,1.000000,1.400000,0.109635
0.398760,1.000000,1.400000,0.097515
0.685444,1.000000,1.400000,0.097328
0.549646,1.000000,1.400000,0.097377
-0.374851,1.000000,1.400000,0.379948
-0.688606,1.000000,1.400000,0.102600
0.227776,1.000000,1.400000,0.097922
-0.872055,1.000000,1.400000,0.100501
-0.417957,1.000000,1.400000,0.511957
-0.512300,1.000000,1.400000,0.137224
-0.907483,1.000000,1.400000,0.100183
-0.197817,1.000000,1.400000,0.104842
-0.144429,1.000000,1.400000,0.101707
0.104054,1.000000,1.400000,0.098578
-0.886537,1.000000,1.400000,0.100329
0.395299,1.000000,1.400000,0.097520
-0.237420,1.000000,1.400000,0.113269
0.546999,1.000000,1.400000,0.097378
-0.731392,1.000000,1.400000,0.100686
-0.001835,1.000000,1.400000,0.099469
-0.815293,1.000000,1.400000,0.102221
-1.073707,1.000000,1.400000,0.099921
-0.170217,1.000000,1.400000,0.102693
-0.717130,1.000000,1.400000,0.101042
-1.005000,1.000000,1.400000,0.099952
-0.552902,1.000000,1.400000,0.116589
-0.317797,1.000000,1.400000,0.210212
1.093488,1.000000,1.400000,0.097299
0.504428,1.000000,1.400000,0.097406
-0.578178,1.000000,1.400000,0.113705
-0.995371,1.000000,1.400000,0.099960
-1.018691,1.000000,1.400000,0.099943
-0.260749,1.000000,1.400000,0.125298
-0.668919,1.000000,1.400000,0.104131
-0.053897,1.000000,1.400000,0.100047
-1.059415,1.000000,1.400000,0.099925
0.513590,1.000000,1.400000,0.097399
-0.329517,1.000000,1.400000,0.239701
0.851418,1.000000,1.400000,0.097307
-1.060651,1.000000,1.400000,0.099924
-0.387289,1.000000,1.400000,0.419970
-0.037152,1.000000,1.400000,0.099846
0.435003,1.000000,1.400000,0.097470
0.120624,1.000000,1.400000,0.098466
-0.237838,1.000000,1.400000,0.113418
-0.265137,1.000000,1.400000,0.128642
-0.504410,1.000000,1.400000,0.148458
1.093585,1.000000,1.400000,0.097299
-0.788439,1.000000,1.400000,0.103147
-0.747308,1.000000,1.400000,0.100927
0.775549,1.000000,1.400000,0.097313
-0.008607,1.000000,1.400000,0.099537
0.762392,1.000000,1.400000,0.097315
0.021542,1.000000,1.400000,0.099245
-0.032558,1.000000,1.400000,0.099794
-0.744340,1.000000,1.400000,0.100816
0.656384,1.000000,1.400000,0.097334
-0.461058,1.000000,1.400000,0.264787
-0.474720,1.000000,1.400000,0.215855
-0.669422,1.000000,1.400000,0.104087
-0.491672,1.000000,1.400000,0.173817
-0.446273,1.000000,1.400000,0.358606
0.490237,1.000000,1.400000,0.097417
0.332216,1.000000,1.400000,0.097628
-0.432046,1.000000,1.400000,0.456300
-0.959582,1.000000,1.400000,0.100009
0.368583,1.000000,1.400000,0.097561
-0.612175,1.000000,1.400000,0.110228
0.490237,1.000000,1.400000,0.097417
0.545234,1.000000,1.400000,0.097379
0.859191,1.000000,1.400000,0.097306
-0.284502,1.000000,1.400000,0.149064
0.745755,1.000000,1.400000,0.097317
0.362450,1.000000,1.400000,0.097572
0.596789,1.000000,1.400000,0.097354
0.745667,1.000000,1.400000,0.097317
-0.827802,1.000000,1.400000,0.101671
-0.874358,1.000000,1.400000,0.100469
0.280859,1.000000,1.400000,0.097751
0.334141,1.000000,1.400000,0.097624
-1.073707,1.000000,1.400000,0.099921
-0.945339,1.000000,1.400000,0.100040
-0.202726,1.000000,1.400000,0.105495
-0.772721,1.000000,1.400000,0.102698
0.022995,1.000000,1.400000,0.099231
-0.743243,1.000000,1.400000,0.100783
-0.563494,1.000000,1.400000,0.115157
-0.710332,1.000000,1.400000,0.101331
-0.671880,1.000000,1.400000,0.103878
-0.888306,1.000000,1.400000,0.100314
0.021272,1.000000,1.400000,0.099247
-1.077426,1.000000,1.400000,0.099920
-0.564524,1.000000,1.400000,0.115040
-0.545987,1.000000,1.400000,0.117877
-0.520270,1.000000,1.400000,0.129282
0.069474,1.000000,1.400000,0.098835
0.443624,1.000000,1.400000,0.097460
-0.269818,1.000000,1.400000,0.132689
0.232786,1.000000,1.400000,0.097904
-1.030887,1.000000,1.400000,0.099936
-0.838700,1.000000,1.400000,0.101267
-0.936486,1.000000,1.400000,0.100064
0.649682,1.000000,1.400000,0.097336
-0.904973,1.000000,1.400000,0.100197
-0.861737,1.000000,1.400000,0.100674
-0.522287,1.000000,1.400000,0.127730
-1.055405,1.000000,1.400000,0.099926
0.049107,1.000000,1.400000,0.099001
-0.134147,1.000000,1.400000,0.101426
0.589571,1.000000,1.400000,0.097357
0.432927,1.000000,1.400000,0.097472
0.100200,1.000000,1.400000,0.098605
0.081537,1.000000,1.400000,0.098741
0.184085,1.000000,1.400000,0.098108
-0.347005,1.000000,1.400000,0.290198
0.353178,1.000000,1.400000,0.097588
0.608796,1.000000,1.400000,0.097350
-0.371490,1.000000,1.400000,0.368955
-0.080970,1.000000,1.400000,0.100415
0.067275,1.000000,1.400000,0.098852
0.887572,1.000000,1.400000,0.097305
0.821241,1.000000,1.400000,0.097309
-0.095576,1.000000,1.400000,0.100644
-0.374844,1.000000,1.400000,0.379927
-0.538412,1.000000,1.400000,0.119841
-0.274082,1.000000,1.400000,0.136843
-0.234723,1.000000,1.400000,0.112353
-0.517595,1.000000,1.400000,0.131607
-0.890924,1.000000,1.400000,0.100293
-0.318624,1.000000,1.400000,0.212165
-0.475913,1.000000,1.400000,0.212400
0.523105,1.000000,1.400000,0.097393
-0.661168,1.000000,1.400000,0.104831
0.441958,1.000000,1.400000,0.097462
-0.341696,1.000000,1.400000,0.274153
-0.928817,1.000000,1.400000,0.100089
0.766108,1.000000,1.400000,0.097314
0.556569,1.000000,1.400000,0.097373
-0.588773,1.000000,1.400000,0.112815
0.545234,1.000000,1.400000,0.097379
0.731476,1.000000,1.400000,0.097319
0.537918,1.000000,1.400000,0.097383
0.055148,1.000000,1.400000,0.098951
0.632833,1.000000,1.400000,0.097341
-0.389272,1.000000,1.400000,0.426213
0.107092,1.000000,1.400000,0.098556
-0.222524,1.000000,1.400000,0.109042
-0.648365,1.000000,1.400000,0.106104
-0.774241,1.000000,1.400000,0.102788
0.218834,1.000000,1.400000,0.097957
-0.674344,1.000000,1.400000,0.103673
-1.008427,1.000000,1.400000,0.099950
-0.913070,1.000000,1.400000,0.100154
-0.751898,1.000000,1.400000,0.101163
0.267568,1.000000,1.400000,0.097789
-0.734737,1.000000,1.400000,0.100670
-0.014964,1.000000,1.400000,0.099603
-0.081453,1.000000,1.400000,0.100422
0.152725,1.000000,1.400000,0.098271
-0.343237,1.000000,1.400000,0.278753
-0.431081,1.000000,1.400000,0.460144
-0.758530,1.000000,1.400000,0.101619
-0.888273,1.000000,1.400000,0.100314
-0.718474,1.000000,1.400000,0.100993
0.090009,1.000000,1.400000,0.098678
-0.232433,1.000000,1.400000,0.111634
0.022995,1.000000,1.400000,0.099231
-0.520456,1.000000,1.400000,0.129132
-0.758801,1.000000,1.400000,0.101640
-0.159789,1.000000,1.400000,0.102230
0.877027,1.000000,1.400000,0.097305
0.401351,1.000000,1.400000,0.097512
0.243084,1.000000,1.400000,0.097867
0.298857,1.000000,1.400000,0.097704
0.617952,1.000000,1.400000,0.097346
-0.043764,1.000000,1.400000,0.099923
-0.403767,1.000000,1.400000,0.470532
-1.047979,1.000000,1.400000,0.099928
-0.144523,1.000000,1.400000,0.101710
0.105317,1.000000,1.400000,0.098569
0.278052,1.000000,1.400000,0.097759
-0.828435,1.000000,1.400000,0.101646
0.610514,1.000000,1.400000,0.097349
0.634721,1.000000,1.400000,0.097341
-0.675361,1.000000,1.400000,0.103591
0.613874,1.000000,1.400000,0.097348
-1.010811,1.000000,1.400000,0.099948
0.625769,1.000000,1.400000,0.097344
0.338406,1.000000,1.400000,0.097616
0.416900,1.000000,1.400000,0.097491
0.352150,1.000000,1.400000,0.097590
0.816619,1.000000,1.400000,0.097309
-1.027432,1.000000,1.400000,0.099938
-0.260031,1.000000,1.400000,0.124790
0.419284,1.000000,1.400000,0.097488
0.590903,1.000000,1.400000,0.097357
0.181854,1.000000,1.400000,0.098119
0.660523,1.000000,1.400000,0.097333
-0.282432,1.000000,1.400000,0.146391
-0.183211,1.000000,1.400000,0.103476
-0.094509,1.000000,1.400000,0.100626
0.247657,1.000000,1.400000,0.097852
-0.546558,1.000000,1.400000,0.117756
-1.071630,1.000000,1.400000,0.099921
-0.747252,1.000000,1.400000,0.100925
-0.089852,1.000000,1.400000,0.100551
-1.019567,1.000000,1.400000,0.099942
-1.070270,1.000000,1.400000,0.099921
0.356757,1.000000,1.400000,0.097582
-0.503201,1.000000,1.400000,0.150498
-0.943148,1.000000,1.400000,0.100045
-0.594595,1.000000,1.400000,0.112233
-0.656805,1.000000,1.400000,0.105249
-0.190909,1.000000,1.400000,0.104109
0.860832,1.000000,1.400000,0.097306
0.452346,1.000000,1.400000,0.097451
-0.603692,1.000000,1.400000,0.111199
0.229759,1.000000,1.400000,0.097915
0.029730,1.000000,1.400000,0.099170
-0.332814,1.000000,1.400000,0.248671
0.166611,1.000000,1.400000,0.098196
-0.204783,1.000000,1.400000,0.105810
0.362450,1.000000,1.400000,0.097572
0.632142,1.000000,1.400000,0.097342
0.337892,1.000000,1.400000,0.097617
-0.842486,1.000000,1.400000,0.101146
-0.622229,1.000000,1.400000,0.109059
0.195311,1.000000,1.400000,0.098056
0.205778,1.000000,1.400000,0.098010
-0.317337,1.000000,1.400000,0.209135
-0.176718,1.000000,1.400000,0.103049
0.637312,1.000000,1.400000,0.097340
0.685506,1.000000,1.400000,0.097327
0.258002,1.000000,1.400000,0.097818
-0.867847,1.000000,1.400000,0.100566
-0.369213,1.000000,1.400000,0.361493
-0.825644,1.000000,1.400000,0.101761
-0.708140,1.000000,1.400000,0.101437
0.877556,1.000000,1.400000,0.097305
-0.134147,1.000000,1.400000,0.101426
0.096989,1.000000,1.400000,0.098627
-0.565145,1.000000,1.400000,0.114971
-0.212013,1.000000,1.400000,0.107021
-1.012043,1.000000,1.400000,0.099947
0.887572,1.000000,1.400000,0.097305
0.503310,1.000000,1.400000,0.097406
-0.115732,1.000000,1.400000,0.101012
-0.460563,1.000000,1.400000,0.267184
0.298785,1.000000,1.400000,0.097704
-0.893088,1.000000,1.400000,0.100276
-0.989390,1.000000,1.400000,0.099966
0.157782,1.000000,1.400000,0.098243
-0.219648,1.000000,1.400000,0.108425
-0.172845,1.000000,1.400000,0.102830
0.409182,1.000000,1.400000,0.097501
0.488002,1.000000,1.400000,0.097418
-0.574053,1.000000,1.400000,0.114077
0.642527,1.000000,1.400000,0.097338
-0.598824,1.000000,1.400000,0.111753
-0.416179,1.000000,1.400000,0.507285
-0.118368,1.000000,1.400000,0.101066
-1.016630,1.000000,1.400000,0.099944
0.561691,1.000000,1.400000,0.097370
0.383327,1.000000,1.400000,0.097538
-1.063814,1.000000,1.400000,0.099923
0.134995,1.000000,1.400000,0.098375
-0.023682,1.000000,1.400000,0.099696
0.728678,1.000000,1.400000,0.097319
0.067908,1.000000,1.400000,0.098847
-0.845487,1.000000,1.400000,0.101057
0.007759,1.000000,1.400000,0.099375
-0.316461,1.000000,1.400000,0.207101
0.350236,1.000000,1.400000,0.097593
0.155432,1.000000,1.400000,0.098256
0.065090,1.000000,1.400000,0.098870
-0.431947,1.000000,1.400000,0.456696
0.484937,1.000000,1.400000,0.097421
-0.130128,1.000000,1.400000,0.101327
-0.988442,1.000000,1.400000,0.099967
0.185378,1.000000,1.400000,0.098102
-0.997147,1.000000,1.400000,0.099959
0.111988,1.000000,1.400000,0.098523
0.694344,1.000000,1.400000,0.097326
0.252343,1.000000,1.400000,0.097836
0.742811,1.000000,1.400000,0.097317
-0.609835,1.000000,1.400000,0.110496
-0.386486,1.000000,1.400000,0.417433
0.690414,1.000000,1.400000,0.097326
0.535135,1.000000,1.400000,0.097385
0.231890,1.000000,1.400000,0.097907
0.111960,1.000000,1.400000,0.098523
0.334141,1.000000,1.400000,0.097624
-0.356593,1.000000,1.400000,0.320387
0.745667,1.000000,1.400000,0.097317
-0.420908,1.000000,1.400000,0.500314
0.353495,1.000000,1.400000,0.097587
-0.688693,1.000000,1.400000,0.102594
-0.474677,1.000000,1.400000,0.215978
-0.517905,1.000000,1.400000,0.131321
0.814443,1.000000,1.400000,0.097309
-0.217052,1.000000,1.400000,0.107911
-0.945320,1.000000,1.400000,0.100040
-0.474821,1.000000,1.400000,0.215558
0.317532,1.000000,1.400000,0.097660
0.050330,1.000000,1.400000,0.098991
-0.329517,1.000000,1.400000,0.239701
-0.797821,1.000000,1.400000,0.102960
-0.146733,1.000000,1.400000,0.101776
-0.108987,1.000000,1.400000,0.100880
0.595154,1.000000,1.400000,0.097355
-0.903980,1.000000,1.400000,0.100203
-0.545672,1.000000,1.400000,0.117946
0.313754,1.000000,1.400000,0.097668
0.277806,1.000000,1.400000,0.097759
-0.433964,1.000000,1.400000,0.448640
0.654054,1.000000,1.400000,0.097335
-0.043755,1.000000,1.400000,0.099923
-0.017142,1.000000,1.400000,0.099626
0.741074,1.000000,1.400000,0.097318
-0.639628,1.000000,1.400000,0.107048
-0.178378,1.000000,1.400000,0.103150
0.030719,1.000000,1.400000,0.099161
0.493010,1.000000,1.400000,0.097414
0.519469,1.000000,1.400000,0.097395
0.258797,1.000000,1.400000,0.097816
-0.385846,1.000000,1.400000,0.415403
-0.399828,1.000000,1.400000,0.458696
0.271058,1.000000,1.400000,0.097779
-0.621389,1.000000,1.400000,0.109159
-0.064246,1.000000,1.400000,0.100180
-0.264872,1.000000,1.400000,0.128427
0.284114,1.000000,1.400000,0.097742
-0.381741,1.000000,1.400000,0.402285
-0.760364,1.000000,1.400000,0.101763
0.108907,1.000000,1.400000,0.098544
0.506066,1.000000,1.400000,0.097404
0.009955,1.000000,1.400000,0.099354
0.075408,1.000000,1.400000,0.098788
-0.255135,1.000000,1.400000,0.121592
-0.655916,1.000000,1.400000,0.105337
0.656853,1.000000,1.400000,0.097334
0.603761,1.000000,1.400000,0.097351
-0.986538,1.000000,1.400000,0.099969
-1.070722,1.000000,1.400000,0.099921
0.248998,1.000000,1.400000,0.097847
0.081246,1.000000,1.400000,0.098743
-0.388968,1.000000,1.400000,0.425259
0.610462,1.000000,1.400000,0.097349
-0.575210,1.000000,1.400000,0.113970
0.214746,1.000000,1.400000,0.097973
-0.562966,1.000000,1.400000,0.115218
0.532809,1.000000,1.400000,0.097386
0.428550,1.000000,1.400000,0.097477
-1.056532,1.000000,1.400000,0.099925
0.287341,1.000000,1.400000,0.097733
0.362522,1.000000,1.400000,0.097572
0.665828,1.000000,1.400000,0.097332
-0.503337,1.000000,1.400000,0.150264
0.289006,1.000000,1.400000,0.097729
-0.132392,1.000000,1.400000,0.101382
0.284114,1.000000,1.400000,0.097742
0.564539,1.000000,1.400000,0.097369
-0.654054,1.000000,1.400000,0.105522
-0.874048,1.000000,1.400000,0.100473
0.637751,1.000000,1.400000,0.097340
-0.003117,1.000000,1.400000,0.099482
0.431081,1.000000,1.400000,0.097474
-0.110182,1.000000,1.400000,0.100903
-0.447020,1.000000,1.400000,0.352811
0.014865,1.000000,1.400000,0.099307
0.012169,1.000000,1.400000,0.099332
0.533925,1.000000,1.400000,0.097386
-0.730149,1.000000,1.400000,0.100700
0.537505,1.000000,1.400000,0.097384
-0.974301,1.000000,1.400000,0.099985
-0.519148,1.000000,1.400000,0.130219
-0.590636,1.000000,1.400000,0.112665
-0.631558,1.000000,1.400000,0.107962
0.597458,1.000000,1.400000,0.097354
-0.102442,1.000000,1.400000,0.100761
-1.019326,1.000000,1.400000,0.099942
-0.989323,1.000000,1.400000,0.099966
0.427730,1.000000,1.400000,0.097478
0.273698,1.000000,1.400000,0.097771
0.255716,1.000000,1.400000,0.097825
-0.066364,1.000000,1.400000,0.100208
-0.297297,1.000000,1.400000,0.168479
0.166794,1.000000,1.400000,0.098195
-0.721284,1.000000,1.400000,0.100898
-0.083979,1.000000,1.400000,0.100460
0.101331,1.000000,1.400000,0.098597
0.688850,1.000000,1.400000,0.097327
-0.173314,1.000000,1.400000,0.102855
-0.645006,1.000000,1.400000,0.106460
-0.445764,1.000000,1.400000,0.362606
0.231890,1.000000,1.400000,0.097907
-0.506980,1.000000,1.400000,0.144403
-0.687578,1.000000,1.400000,0.102671
-1.099819,1.000000,1.400000,0.099915
-0.314665,1.000000,1.400000,0.203002
-0.264237,1.000000,1.400000,0.127921
-0.323291,1.000000,1.400000,0.223555
0.730709,1.000000,1.400000,0.097319
-0.705946,1.000000,1.400000,0.101549
0.594965,1.000000,1.400000,0.097355
-0.211083,1.000000,1.400000,0.106870
-0.660082,1.000000,1.400000,0.104934
0.552100,1.000000,1.400000,0.097375
0.186573,1.000000,1.400000,0.098096
-0.416906,1.000000,1.400000,0.509432
0.179685,1.000000,1.400000,0.098129
-0.747126,1.000000,1.400000,0.100920
0.121283,1.000000,1.400000,0.098462
0.376267,1.000000,1.400000,0.097549
0.383672,1.000000,1.400000,0.097537
-0.433964,1.000000,1.400000,0.448640
-0.049003,1.000000,1.400000,0.099986
-0.632516,1.000000,1.400000,0.107852
-0.959956,1.000000,1.400000,0.100008
-0.957326,1.000000,1.400000,0.100013
-0.988113,1.000000,1.400000,0.099968
-1.025676,1.000000,1.400000,0.099939
-0.328554,1.000000,1.400000,0.237135
0.095799,1.000000,1.400000,0.098636
-1.026940,1.000000,1.400000,0.099938
0.291569,1.000000,1.400000,0.097722
-0.952457,1.000000,1.400000,0.100023
-0.259687,1.000000,1.400000,0.124550
0.567156,1.000000,1.400000,0.097367
-0.342573,1.000000,1.400000,0.276763
0.532064,1.000000,1.400000,0.097387
0.193243,1.000000,1.400000,0.098065
-0.864297,1.000000,1.400000,0.100627
0.398979,1.000000,1.400000,0.097515
0.222973,1.000000,1.400000,0.097941
-0.152348,1.000000,1.400000,0.101958
0.532178,1.000000,1.400000,0.097387
-0.729008,1.000000,1.400000,0.100716
-0.460869,1.000000,1.400000,0.265694
0.585222,1.000000,1.400000,0.097359
-0.103351,1.000000,1.400000,0.100777
-0.374642,1.000000,1.400000,0.379267
0.298695,1.000000,1.400000,0.097704
-0.657441,1.000000,1.400000,0.105187
0.252703,1.000000,1.400000,0.097835
-0.202105,1.000000,1.400000,0.105405
0.546460,1.000000,1.400000,0.097378
-0.806715,1.000000,1.400000,0.102613
-0.801102,1.000000,1.400000,0.102845
0.503273,1.000000,1.400000,0.097406
-0.813118,1.000000,1.400000,0.102322
0.352513,1.000000,1.400000,0.097589
-1.093962,1.000000,1.400000,0.099916
-0.689821,1.000000,1.400000,0.102517
0.402505,1.000000,1.400000,0.097510
0.405635,1.000000,1.400000,0.097506
-0.957198,1.000000,1.400000,0.100013
-0.325492,1.000000,1.400000,0.229142
-1.012124,1.000000,1.400000,0.099947
-0.762326,1.000000,1.400000,0.101920
-0.250049,1.000000,1.400000,0.118728
0.123513,1.000000,1.400000,0.098447
-0.833084,1.000000,1.400000,0.101465
0.140499,1.000000,1.400000,0.098342
0.152846,1.000000,1.400000,0.098271
-0.394797,1.000000,1.400000,0.443366
0.493010,1.000000,1.400000,0.097414
-0.609459,1.000000,1.400000,0.110539
0.820238,1.000000,1.400000,0.097309
0.234807,1.000000,1.400000,0.097896
-0.774177,1.000000,1.400000,0.102784
-0.914626,1.000000,1.400000,0.100147
-0.387694,1.000000,1.400000,0.421251
-0.124788,1.000000,1.400000,0.101204
-0.375014,1.000000,1.400000,0.380481
0.327027,1.000000,1.400000,0.097639
0.271058,1.000000,1.400000,0.097779
-0.799532,1.000000,1.400000,0.102902
-0.577571,1.000000,1.400000,0.113758
0.488878,1.000000,1.400000,0.097418
-0.061336,1.000000,1.400000,0.100142
0.074702,1.000000,1.400000,0.098794
-0.139602,1.000000,1.400000,0.101570
0.384653,1.000000,1.400000,0.097536
0.042618,1.000000,1.400000,0.099057
0.895856,1.000000,1.400000,0.097304
0.386486,1.000000,1.400000,0.097533
0.542243,1.000000,1.400000,0.097381
-0.767449,1.000000,1.400000,0.102328
0.187520,1.000000,1.400000,0.098092
-0.270847,1.000000,1.400000,0.133648
-0.105766,1.000000,1.400000,0.100821
0.508421,1.000000,1.400000,0.097403
-1.044961,1.000000,1.400000,0.099930
-0.246487,1.000000,1.400000,0.116969
-1.099103,1.000000,1.400000,0.099915
-1.073662,1.000000,1.400000,0.099921
-0.504759,1.000000,1.400000,0.147885
0.430238,1.000000,1.400000,0.097475
-0.778149,1.000000,1.400000,0.102976
0.283961,1.000000,1.400000,0.097742
-0.230896,1.000000,1.400000,0.111179
0.610001,1.000000,1.400000,0.097349
-1.002371,1.000000,1.400000,0.099954
-0.446024,1.000000,1.400000,0.360563
0.453842,1.000000,1.400000,0.097450
-0.592861,1.000000,1.400000,0.112429
0.248998,1.000000,1.400000,0.097847
0.388562,1.000000,1.400000,0.097530
-0.969260,1.000000,1.400000,0.099992
0.036051,1.000000,1.400000,0.099114
-0.346060,1.000000,1.400000,0.287302
-0.489936,1.000000,1.400000,0.177574
0.153555,1.000000,1.400000,0.098267
1.087505,1.000000,1.400000,0.097299
0.883022,1.000000,1.400000,0.097305
-0.103868,1.000000,1.400000,0.100787
-0.930092,1.000000,1.400000,0.100084
-0.674434,1.000000,1.400000,0.103666
-0.626657,1.000000,1.400000,0.108534
-0.174425,1.000000,1.400000,0.102916
0.359319,1.000000,1.400000,0.097577
-0.160916,1.000000,1.400000,0.102275
0.858577,1.000000,1.400000,0.097306
-0.874011,1.000000,1.400000,0.100474
0.319951,1.000000,1.400000,0.097654
-0.730149,1.000000,1.400000,0.100700
-1.064833,1.000000,1.400000,0.099923
-0.651596,1.000000,1.400000,0.105770
-0.684318,1.000000,1.400000,0.102903
0.009939,1.000000,1.400000,0.099354
-0.205099,1.000000,1.400000,0.105861
-0.368685,1.000000,1.400000,0.359760
0.178378,1.000000,1.400000,0.098136
-1.018591,1.000000,1.400000,0.099943
0.297170,1.000000,1.400000,0.097708
-0.857169,1.000000,1.400000,0.100766
0.007759,1.000000,1.400000,0.099375
-0.059459,1.000000,1.400000,0.100117
-0.617296,1.000000,1.400000,0.109640
-0.611582,1.000000,1.400000,0.110296
-0.488939,1.000000,1.400000,0.179751
0.594912,1.000000,1.400000,0.097355
-0.329271,1.000000,1.400000,0.239043
0.266601,1.000000,1.400000,0.097792
0.518618,1.000000,1.400000,0.097396
-0.659197,1.000000,1.400000,0.105018
0.772729,1.000000,1.400000,0.097313
-0.837698,1.000000,1.400000,0.101301
0.886074,1.000000,1.400000,0.097305
0.323282,1.000000,1.400000,0.097647
-0.139393,1.000000,1.400000,0.101564
-0.950895,1.000000,1.400000,0.100027
-0.838504,1.000000,1.400000,0.101274
-1.030892,1.000000,1.400000,0.099936
0.380850,1.000000,1.400000,0.097542
0.349394,1.000000,1.400000,0.097595
-0.094509,1.000000,1.400000,0.100626
-0.402300,1.000000,1.400000,0.466140
0.127443,1.000000,1.400000,0.098422
-0.205099,1.000000,1.400000,0.105861
-0.490014,1.000000,1.400000,0.177404
-0.815293,1.000000,1.400000,0.102221
-0.216139,1.000000,1.400000,0.107740
-0.680964,1.000000,1.400000,0.103152
0.891892,1.000000,1.400000,0.097304
-0.277293,1.000000,1.400000,0.140285
-0.475330,1.000000,1.400000,0.214076
0.561190,1.000000,1.400000,0.097370
-0.490662,1.000000,1.400000,0.176013
-1.070722,1.000000,1.400000,0.099921
-0.519443,1.000000,1.400000,0.129967
-0.353906,1.000000,1.400000,0.311796
-0.331664,1.000000,1.400000,0.245511
0.212737,1.000000,1.400000,0.097981
-0.919042,1.000000,1.400000,0.100127
-0.872055,1.000000,1.400000,0.100501
-0.877027,1.000000,1.400000,0.100434
-0.290243,1.000000,1.400000,0.157151
0.694799,1.000000,1.400000,0.097326
-0.574511,1.000000,1.400000,0.114034
-0.204574,1.000000,1.400000,0.105777
0.623054,1.000000,1.400000,0.097345
0.885995,1.000000,1.400000,0.097305
-0.403368,1.000000,1.400000,0.469338
0.295117,1.000000,1.400000,0.097713
0.686169,1.000000,1.400000,0.097327
-0.864812,1.000000,1.400000,0.100617
0.229430,1.000000,1.400000,0.097916
-0.133677,1.000000,1.400000,0.101414
0.686999,1.000000,1.400000,0.097327
-0.029359,1.000000,1.400000,0.099758
0.006457,1.000000,1.400000,0.099387
-0.343877,1.000000,1.400000,0.280675
0.164788,1.000000,1.400000,0.098205
0.224374,1.000000,1.400000,0.097935
-0.777400,1.000000,1.400000,0.102945
-0.162528,1.000000,1.400000,0.102341
-0.915904,1.000000,1.400000,0.100141
-1.095010,1.000000,1.400000,0.099916
0.050330,1.000000,1.400000,0.098991
-0.047077,1.000000,1.400000,0.099963
0.626583,1.000000,1.400000,0.097343
0.240361,1.000000,1.400000,0.097877
0.310226,1.000000,1.400000,0.097676
-0.847297,1.000000,1.400000,0.101007
0.388237,1.000000,1.400000,0.097530
-0.576387,1.000000,1.400000,0.113864
0.566996,1.000000,1.400000,0.097368
0.211149,1.000000,1.400000,0.097988
0.438084,1.000000,1.400000,0.097466
0.857422,1.000000,1.400000,0.097306
0.060512,1.000000,1.400000,0.098907
-0.131094,1.000000,1.400000,0.101351
1.095772,1.000000,1.400000,0.097299
-0.682028,1.000000,1.400000,0.103072
-0.192730,1.000000,1.400000,0.104284
-0.517463,1.000000,1.400000,0.131730
-0.673387,1.000000,1.400000,0.103752
-0.341892,1.000000,1.400000,0.274734
-0.297007,1.000000,1.400000,0.167981
-0.981081,1.000000,1.400000,0.099976
-1.042739,1.000000,1.400000,0.099930
-0.607545,1.000000,1.400000,0.110758
-0.034878,1.000000,1.400000,0.099820
0.523656,1.000000,1.400000,0.097392
-0.903980,1.000000,1.400000,0.100203
0.153555,1.000000,1.400000,0.098267
-0.099053,1.000000,1.400000,0.100702
0.523247,1.000000,1.400000,0.097392
-1.088779,1.000000,1.400000,0.099917
0.097276,1.000000,1.400000,0.098625
-0.203917,1.000000,1.400000,0.105674
-0.310095,1.000000,1.400000,0.193011
0.774048,1.000000,1.400000,0.097313
-0.829483,1.000000,1.400000,0.101604
0.059459,1.000000,1.400000,0.098915
-0.605178,1.000000,1.400000,0.111029
0.780241,1.000000,1.400000,0.097313
0.409560,1.000000,1.400000,0.097501
0.169758,1.000000,1.400000,0.098179
-0.275011,1.000000,1.400000,0.137810
-0.580042,1.000000,1.400000,0.113543
-0.705976,1.000000,1.400000,0.101547
-0.075344,1.000000,1.400000,0.100333
0.449686,1.000000,1.400000,0.097454
-0.078372,1.000000,1.400000,0.100376
0.179666,1.000000,1.400000,0.098130
-0.198957,1.000000,1.400000,0.104982
-0.843674,1.000000,1.400000,0.101110
-0.219872,1.000000,1.400000,0.108471
-0.089606,1.000000,1.400000,0.100547
0.135474,1.000000,1.400000,0.098372
0.135932,1.000000,1.400000,0.098370
-0.193243,1.000000,1.400000,0.104336
1.093572,1.000000,1.400000,0.097299
-0.332058,1.000000,1.400000,0.246590
-0.534126,1.000000,1.400000,0.121329
-0.617402,1.000000,1.400000,0.109628
0.646333,1.000000,1.400000,0.097337
-0.446305,1.000000,1.400000,0.358363
0.075219,1.000000,1.400000,0.098790
-0.973855,1.000000,1.400000,0.099985
0.148649,1.000000,1.400000,0.098294
-0.624732,1.000000,1.400000,0.108761
-0.995946,1.000000,1.400000,0.099960
0.330528,1.000000,1.400000,0.097632
-0.951351,1.000000,1.400000,0.100026
0.081839,1.000000,1.400000,0.098739
-0.823415,1.000000,1.400000,0.101856
-0.249797,1.000000,1.400000,0.118598
0.519122,1.000000,1.400000,0.097395
-0.808327,1.000000,1.400000,0.102541
0.196543,1.000000,1.400000,0.098050
-0.655916,1.000000,1.400000,0.105337
-0.355629,1.000000,1.400000,0.317294
0.262963,1.000000,1.400000,0.097803
-0.430690,1.000000,1.400000,0.461700
-1.013960,1.000000,1.400000,0.099946
-0.976347,1.000000,1.400000,0.099982
-0.581434,1.000000,1.400000,0.113424
-0.490987,1.000000,1.400000,0.175322
-0.732177,1.000000,1.400000,0.100680
-0.431512,1.000000,1.400000,0.458429
0.252680,1.000000,1.400000,0.097835
0.396158,1.000000,1.400000,0.097519
0.090305,1.000000,1.400000,0.098676
0.263188,1.000000,1.400000,0.097802
-0.303535,1.000000,1.400000,0.179795
1.100000,1.000000,1.400000,0.097299
0.427730,1.000000,1.400000,0.097478
0.640575,1.000000,1.400000,0.097339
-0.913508,1.000000,1.400000,0.100152
0.323029,1.000000,1.400000,0.097648
0.292880,1.000000,1.400000,0.097719
-0.357921,1.000000,1.400000,0.324662
0.295465,1.000000,1.400000,0.097712
-1.047595,1.000000,1.400000,0.099929
-0.460811,1.000000,1.400000,0.265976
-0.889665,1.000000,1.400000,0.100303
0.851184,1.000000,1.400000,0.097307
0.589571,1.000000,1.400000,0.097357
-0.431340,1.000000,1.400000,0.459114
-0.014865,1.000000,1.400000,0.099602
0.166547,1.000000,1.400000,0.098196
0.044087,1.000000,1.400000,0.099044
-0.132626,1.000000,1.400000,0.101388
-1.002368,1.000000,1.400000,0.099954
-0.546111,1.000000,1.400000,0.117851
-0.561992,1.000000,1.400000,0.115332
-0.161142,1.000000,1.400000,0.102284
0.121283,1.000000,1.400000,0.098462
0.323282,1.000000,1.400000,0.097647
0.079696,1.000000,1.400000,0.098755
0.013827,1.000000,1.400000,0.099317
-0.965065,1.000000,1.400000,0.099999
-0.602434,1.000000,1.400000,0.111342
-0.686954,1.000000,1.400000,0.102714
-0.533201,1.000000,1.400000,0.121697
-0.775779,1.000000,1.400000,0.102870
-0.148041,1.000000,1.400000,0.101817
0.897745,1.000000,1.400000,0.097304
0.356000,1.000000,1.400000,0.097583
0.503268,1.000000,1.400000,0.097406
-0.843743,1.000000,1.400000,0.101108
0.198411,1.000000,1.400000,0.098042
-0.825644,1.000000,1.400000,0.101761
-0.133144,1.000000,1.400000,0.101401
-0.417630,1.000000,1.400000,0.511570
0.666275,1.000000,1.400000,0.097332
-1.056733,1.000000,1.400000,0.099925
0.209894,1.000000,1.400000,0.097993
-0.633969,1.000000,1.400000,0.107685
-0.189439,1.000000,1.400000,0.103975
-0.225069,1.000000,1.400000,0.109635
-0.042285,1.000000,1.400000,0.099906
0.388109,1.000000,1.400000,0.097531
0.426773,1.000000,1.400000,0.097479
-0.476365,1.000000,1.400000,0.211116
0.066765,1.000000,1.400000,0.098856
0.023857,1.000000,1.400000,0.099223
0.623570,1.000000,1.400000,0.097344
0.127443,1.000000,1.400000,0.098422
-0.091575,1.000000,1.400000,0.100578
-0.474926,1.000000,1.400000,0.215250
-0.007940,1.000000,1.400000,0.099530
-0.877974,1.000000,1.400000,0.100422
-0.743905,1.000000,1.400000,0.100803
-0.073558,1.000000,1.400000,0.100307
-0.635995,1.000000,1.400000,0.107455
0.819409,1.000000,1.400000,0.097309
-0.246754,1.000000,1.400000,0.117094
-0.018561,1.000000,1.400000,0.099641
-0.950670,1.000000,1.400000,0.100027
-0.282110,1.000000,1.400000,0.145985
0.126779,1.000000,1.400000,0.098426
-0.474720,1.000000,1.400000,0.215855
-0.504542,1.000000,1.400000,0.148240
-0.020194,1.000000,1.400000,0.099658
0.064521,1.000000,1.400000,0.098874
0.376713,1.000000,1.400000,0.097548
-0.594939,1.000000,1.400000,0.112194
0.107092,1.000000,1.400000,0.098556
0.334928,1.000000,1.400000,0.097623
0.187360,1.000000,1.400000,0.098093
-0.403767,1.000000,1.400000,0.470532
0.499264,1.000000,1.400000,0.097410
-0.077385,1.000000,1.400000,0.100362
-0.517291,1.000000,1.400000,0.131891
-0.525356,1.000000,1.400000,0.125664
-1.030355,1.000000,1.400000,0.099936
-0.400541,1.000000,1.400000,0.460849
0.405094,1.000000,1.400000,0.097507
0.668919,1.000000,1.400000,0.097331
-0.792475,1.000000,1.400000,0.103098
-0.385467,1.000000,1.400000,0.414198
-0.646842,1.000000,1.400000,0.106265
-0.346320,1.000000,1.400000,0.288099
-0.988106,1.000000,1.400000,0.099968
-0.475619,1.000000,1.400000,0.213242
-0.636913,1.000000,1.400000,0.107351
0.442080,1.000000,1.400000,0.097462
-0.093613,1.000000,1.400000,0.100611
-0.603035,1.000000,1.400000,0.111274
0.138584,1.000000,1.400000,0.098353
0.893958,1.000000,1.400000,0.097304
-1.047595,1.000000,1.400000,0.099929
0.611686,1.000000,1.400000,0.097348
-0.252317,1.000000,1.400000,0.119952
-0.506062,1.000000,1.400000,0.145807
0.390951,1.000000,1.400000,0.097526
-0.619574,1.000000,1.400000,0.109376
0.519122,1.000000,1.400000,0.097395
-0.695084,1.000000,1.400000,0.102173
-0.055341,1.000000,1.400000,0.100065
-0.993856,1.000000,1.400000,0.099962
-0.313870,1.000000,1.400000,0.201219
0.098127,1.000000,1.400000,0.098619
-0.290349,1.000000,1.400000,0.157310
-0.559863,1.000000,1.400000,0.115595
0.170695,1.000000,1.400000,0.098175
-0.763528,1.000000,1.400000,0.102017
0.266941,1.000000,1.400000,0.097791
0.549232,1.000000,1.400000,0.097377
0.336338,1.000000,1.400000,0.097620
-0.163514,1.000000,1.400000,0.102383
-0.332240,1.000000,1.400000,0.247088
-0.198957,1.000000,1.400000,0.104982
0.609442,1.000000,1.400000,0.097349
0.458699,1.000000,1.400000,0.097445
0.179666,1.000000,1.400000,0.098130
-0.360455,1.000000,1.400000,0.332865
0.297170,1.000000,1.400000,0.097708
-0.148649,1.000000,1.400000,0.101836
0.737584,1.000000,1.400000,0.097318
-0.415615,1.000000,1.400000,0.505620
0.205778,1.000000,1.400000,0.098010
0.038471,1.000000,1.400000,0.099093
-0.817568,1.000000,1.400000,0.102117
-0.773420,1.000000,1.400000,0.102740
0.227064,1.000000,1.400000,0.097925
0.875516,1.000000,1.400000,0.097305
-0.013971,1.000000,1.400000,0.099593
0.053225,1.000000,1.400000,0.098967
0.506066,1.000000,1.400000,0.097404
0.625089,1.000000,1.400000,0.097344
0.623489,1.000000,1.400000,0.097344
-0.326800,1.000000,1.400000,0.232525
0.440786,1.000000,1.400000,0.097463
0.855380,1.000000,1.400000,0.097306
0.028223,1.000000,1.400000,0.099184
-0.003117,1.000000,1.400000,0.099482
0.313021,1.000000,1.400000,0.097670
-0.597086,1.000000,1.400000,0.111951
-0.016484,1.000000,1.400000,0.099619
-0.614132,1.000000,1.400000,0.110003
0.319621,1.000000,1.400000,0.097655
0.488662,1.000000,1.400000,0.097418
-0.971932,1.000000,1.400000,0.099988
-0.006432,1.000000,1.400000,0.099515
-0.460707,1.000000,1.400000,0.266478
0.152536,1.000000,1.400000,0.098272
-0.588244,1.000000,1.400000,0.112858
0.780241,1.000000,1.400000,0.097313
0.891951,1.000000,1.400000,0.097304
0.244155,1.000000,1.400000,0.097864
-0.000568,1.000000,1.400000,0.099456
0.000925,1.000000,1.400000,0.099441
-0.982250,1.000000,1.400000,0.099974
-0.803491,1.000000,1.400000,0.102750
-0.068905,1.000000,1.400000,0.100243
-0.747972,1.000000,1.400000,0.100957
0.599548,1.000000,1.400000,0.097353
-0.460529,1.000000,1.400000,0.267349
0.181937,1.000000,1.400000,0.098118
-1.076632,1.000000,1.400000,0.099920
-0.645918,1.000000,1.400000,0.106363
-0.246691,1.000000,1.400000,0.117065
-0.288478,1.000000,1.400000,0.154558
0.151239,1.000000,1.400000,0.098280
0.149664,1.000000,1.400000,0.098289
-0.995371,1.000000,1.400000,0.099960
0.044595,1.000000,1.400000,0.099040
0.114595,1.000000,1.400000,0.098506
-0.679813,1.000000,1.400000,0.103240
-0.401283,1.000000,1.400000,0.463083
0.244114,1.000000,1.400000,0.097864
0.896684,1.000000,1.400000,0.097304
-1.090958,1.000000,1.400000,0.099917
-0.016173,1.000000,1.400000,0.099616
-0.816963,1.000000,1.400000,0.102145
-0.486188,1.000000,1.400000,0.185981
0.743362,1.000000,1.400000,0.097317
-0.499244,1.000000,1.400000,0.157753
-0.892871,1.000000,1.400000,0.100278
-0.346498,1.000000,1.400000,0.288642
0.081900,1.000000,1.400000,0.098738
-0.233480,1.000000,1.400000,0.111957
-0.550000,1.000000,1.400000,0.117085
-0.687578,1.000000,1.400000,0.102671
0.200968,1.000000,1.400000,0.098031
-0.917036,1.000000,1.400000,0.100135
0.494731,1.000000,1.400000,0.097413
-0.890389,1.000000,1.400000,0.100297
0.451957,1.000000,1.400000,0.097451
0.013472,1.000000,1.400000,0.099320
0.649327,1.000000,1.400000,0.097336
-0.122981,1.000000,1.400000,0.101164
-0.945272,1.000000,1.400000,0.100040
-0.446339,1.000000,1.400000,0.358098
-0.788499,1.000000,1.400000,0.103147
0.722861,1.000000,1.400000,0.097320
-0.936274,1.000000,1.400000,0.100064
0.646333,1.000000,1.400000,0.097337
0.157343,1.000000,1.400000,0.098246
-0.460416,1.000000,1.400000,0.267907
0.730037,1.000000,1.400000,0.097319
0.663933,1.000000,1.400000,0.097333
0.262732,1.000000,1.400000,0.097803
-0.129340,1.000000,1.400000,0.101309
-0.499244,1.000000,1.400000,0.157753
0.293140,1.000000,1.400000,0.097718
-0.058661,1.000000,1.400000,0.100107
0.564865,1.000000,1.400000,0.097369
0.571346,1.000000,1.400000,0.097365
-0.159351,1.000000,1.400000,0.102213
0.447823,1.000000,1.400000,0.097456
-0.476378,1.000000,1.400000,0.211079
0.284369,1.000000,1.400000,0.097741
1.088377,1.000000,1.400000,0.097299
0.433475,1.000000,1.400000,0.097471
0.149891,1.000000,1.400000,0.098287
0.669943,1.000000,1.400000,0.097331
-0.063065,1.000000,1.400000,0.100164
-0.512300,1.000000,1.400000,0.137224
-0.355629,1.000000,1.400000,0.317294
-1.013960,1.000000,1.400000,0.099946
0.118919,1.000000,1.400000,0.098477
-0.943007,1.000000,1.400000,0.100046
-0.957198,1.000000,1.400000,0.100013
-0.666280,1.000000,1.400000,0.104363
0.024213,1.000000,1.400000,0.099220
-0.551468,1.000000,1.400000,0.116827
-0.728378,1.000000,1.400000,0.100726
-0.999770,1.000000,1.400000,0.099956
-0.745654,1.000000,1.400000,0.100861
0.124322,1.000000,1.400000,0.098442
-0.046820,1.000000,1.400000,0.099960
-0.371622,1.000000,1.400000,0.369387
-0.769067,1.000000,1.400000,0.102449
0.163855,1.000000,1.400000,0.098210
0.817568,1.000000,1.400000,0.097309
0.688905,1.000000,1.400000,0.097327
0.258002,1.000000,1.400000,0.097818
-0.104110,1.000000,1.400000,0.100791
0.327348,1.000000,1.400000,0.097638
0.507410,1.000000,1.400000,0.097403
0.281203,1.000000,1.400000,0.097750
0.120098,1.000000,1.400000,0.098469
-0.129202,1.000000,1.400000,0.101305
-0.488910,1.000000,1.400000,0.179816
-0.101337,1.000000,1.400000,0.100742
0.000000,1.000000,1.400000,0.099451
-0.581998,1.000000,1.400000,0.113376
0.418030,1.000000,1.400000,0.097490
-0.574053,1.000000,1.400000,0.114077
-0.245705,1.000000,1.400000,0.116608
-0.176718,1.000000,1.400000,0.103049
-0.417788,1.000000,1.400000,0.512039
-0.535135,1.000000,1.400000,0.120949
-0.845532,1.000000,1.400000,0.101056
0.112453,1.000000,1.400000,0.098520
0.366408,1.000000,1.400000,0.097565
0.341674,1.000000,1.400000,0.097610
-0.058150,1.000000,1.400000,0.100101
-0.307983,1.000000,1.400000,0.188612
-0.274358,1.000000,1.400000,0.137127
0.597458,1.000000,1.400000,0.097354
-1.008251,1.000000,1.400000,0.099950
-0.276052,1.000000,1.400000,0.138922
-0.185901,1.000000,1.400000,0.103679
0.342602,1.000000,1.400000,0.097608
-0.234960,1.000000,1.400000,0.112431
-0.252703,1.000000,1.400000,0.120168
-0.786911,1.000000,1.400000,0.103150
-1.073354,1.000000,1.400000,0.099921
0.609227,1.000000,1.400000,0.097349
0.420319,1.000000,1.400000,0.097487
0.036140,1.000000,1.400000,0.099113
-0.550249,1.000000,1.400000,0.117040
0.313391,1.000000,1.400000,0.097669
-0.876063,1.000000,1.400000,0.100446
0.021949,1.000000,1.400000,0.099241
-0.973367,1.000000,1.400000,0.099986
-0.327027,1.000000,1.400000,0.233118
0.277379,1.000000,1.400000,0.097760
0.537203,1.000000,1.400000,0.097384
0.779893,1.000000,1.400000,0.097313
0.394924,1.000000,1.400000,0.097521
0.343547,1.000000,1.400000,0.097606
0.053013,1.000000,1.400000,0.098968
-0.782055,1.000000,1.400000,0.103096
0.518996,1.000000,1.400000,0.097395
-0.736591,1.000000,1.400000,0.100675
0.604042,1.000000,1.400000,0.097351
-0.107565,1.000000,1.400000,0.100854
-0.906757,1.000000,1.400000,0.100187
-0.590636,1.000000,1.400000,0.112665
-0.218175,1.000000,1.400000,0.108128
-0.754383,1.000000,1.400000,0.101320
0.636626,1.000000,1.400000,0.097340
-0.460076,1.000000,1.400000,0.269587
-0.505559,1.000000,1.400000,0.146597
-0.416023,1.000000,1.400000,0.506825
-0.432148,1.000000,1.400000,0.455896
0.217508,1.000000,1.400000,0.097962
-0.312162,1.000000,1.400000,0.197452
0.194581,1.000000,1.400000,0.098059
-0.029730,1.000000,1.400000,0.099762
-0.817016,1.000000,1.400000,0.102142
-0.407852,1.000000,1.400000,0.482689
-0.018297,1.000000,1.400000,0.099638
-0.029229,1.000000,1.400000,0.099757
-1.086526,1.000000,1.400000,0.099918
0.884689,1.000000,1.400000,0.097305
0.305760,1.000000,1.400000,0.097687
0.036616,1.000000,1.400000,0.099109
0.641076,1.000000,1.400000,0.097339
-0.285453,1.000000,1.400000,0.150335
0.688850,1.000000,1.400000,0.097327
-0.732800,1.000000,1.400000,0.100676
0.006467,1.000000,1.400000,0.099387
0.518617,1.000000,1.400000,0.097396
0.009939,1.000000,1.400000,0.099354
-1.062742,1.000000,1.400000,0.099924
0.413306,1.000000,1.400000,0.097496
-0.381741,1.000000,1.400000,0.402285
-0.200831,1.000000,1.400000,0.105227
0.401618,1.000000,1.400000,0.097511
-1.059567,1.000000,1.400000,0.099924
-0.786476,1.000000,1.400000,0.103149
0.209478,1.000000,1.400000,0.097995
-0.804431,1.000000,1.400000,0.102711
-0.016173,1.000000,1.400000,0.099616
-0.267568,1.000000,1.400000,0.130678
-0.394797,1.000000,1.400000,0.443366
-0.245291,1.000000,1.400000,0.116420
0.603761,1.000000,1.400000,0.097351
-1.049744,1.000000,1.400000,0.099928
-0.642352,1.000000,1.400000,0.106748
-0.093680,1.000000,1.400000,0.100612
-0.418037,1.000000,1.400000,0.511643
-0.460076,1.000000,1.400000,0.269587
-0.783750,1.000000,1.400000,0.103126
-0.068397,1.000000,1.400000,0.100236
0.273481,1.000000,1.400000,0.097772
0.816781,1.000000,1.400000,0.097309
-1.062305,1.000000,1.400000,0.099924
-0.825872,1.000000,1.400000,0.101751
-0.238125,1.000000,1.400000,0.113521
0.413475,1.000000,1.400000,0.097496
0.775260,1.000000,1.400000,0.097313
-0.447020,1.000000,1.400000,0.352811
0.853810,1.000000,1.400000,0.097306
0.220617,1.000000,1.400000,0.097950
0.488847,1.000000,1.400000,0.097418
0.208108,1.000000,1.400000,0.098000
0.625892,1.000000,1.400000,0.097344
0.415632,1.000000,1.400000,0.097493
-0.295020,1.000000,1.400000,0.164653
-1.033665,1.000000,1.400000,0.099934
0.610514,1.000000,1.400000,0.097349
0.571346,1.000000,1.400000,0.097365
-0.042285,1.000000,1.400000,0.099906
0.238085,1.000000,1.400000,0.097885
-0.788594,1.000000,1.400000,0.103146
-0.137665,1.000000,1.400000,0.101517
-0.921622,1.000000,1.400000,0.100116
-0.002158,1.000000,1.400000,0.099472
-0.020622,1.000000,1.400000,0.099663
-0.053830,1.000000,1.400000,0.100046
0.851679,1.000000,1.400000,0.097307
-0.897995,1.000000,1.400000,0.100241
0.552473,1.000000,1.400000,0.097375
-0.490541,1.000000,1.400000,0.176273
0.549145,1.000000,1.400000,0.097377
-0.004035,1.000000,1.400000,0.099491
0.064521,1.000000,1.400000,0.098874
-0.431892,1.000000,1.400000,0.456917
0.564219,1.000000,1.400000,0.097369
-0.690669,1.000000,1.400000,0.102460
-1.004007,1.000000,1.400000,0.099953
-0.517291,1.000000,1.400000,0.131891
0.881595,1.000000,1.400000,0.097305
-0.732884,1.000000,1.400000,0.100675
0.558290,1.000000,1.400000,0.097372
-0.119956,1.000000,1.400000,0.101099
-0.247671,1.000000,1.400000,0.117533
0.349394,1.000000,1.400000,0.097595
-0.790105,1.000000,1.400000,0.103134
-0.758530,1.000000,1.400000,0.101619
-0.859749,1.000000,1.400000,0.100713
-0.446118,1.000000,1.400000,0.359823
-0.818388,1.000000,1.400000,0.102079
0.736963,1.000000,1.400000,0.097318
0.671272,1.000000,1.400000,0.097331
-1.034539,1.000000,1.400000,0.099934
0.517874,1.000000,1.400000,0.097396
0.149664,1.000000,1.400000,0.098289
-0.521643,1.000000,1.400000,0.128207
-0.973844,1.000000,1.400000,0.099985
-0.049562,1.000000,1.400000,0.099993
-1.058047,1.000000,1.400000,0.099925
0.624324,1.000000,1.400000,0.097344
0.520270,1.000000,1.400000,0.097394
-0.695648,1.000000,1.400000,0.102138
-0.049003,1.000000,1.400000,0.099986
-0.942720,1.000000,1.400000,0.100046
-0.662760,1.000000,1.400000,0.104683
-0.251181,1.000000,1.400000,0.119328
-0.851756,1.000000,1.400000,0.100891
-0.521136,1.000000,1.400000,0.128595
-0.077385,1.000000,1.400000,0.100362
-0.261862,1.000000,1.400000,0.126107
0.284179,1.000000,1.400000,0.097742
-0.159747,1.000000,1.400000,0.102228
0.775975,1.000000,1.400000,0.097313
0.850632,1.000000,1.400000,0.097307
0.009173,1.000000,1.400000,0.099361
-0.289273,1.000000,1.400000,0.155714
-0.029229,1.000000,1.400000,0.099757
0.411465,1.000000,1.400000,0.097498
-0.231446,1.000000,1.400000,0.111339
0.062163,1.000000,1.400000,0.098893
-0.577580,1.000000,1.400000,0.113758
-0.446201,1.000000,1.400000,0.359176
0.671179,1.000000,1.400000,0.097331
0.401026,1.000000,1.400000,0.097512
-0.928817,1.000000,1.400000,0.100089
0.038751,1.000000,1.400000,0.099090
0.390903,1.000000,1.400000,0.097526
0.049107,1.000000,1.400000,0.099001
0.078711,1.000000,1.400000,0.098763
-0.505405,1.000000,1.400000,0.146841
-0.673387,1.000000,1.400000,0.103752
0.890199,1.000000,1.400000,0.097304
-0.400935,1.000000,1.400000,0.462035
-0.311903,1.000000,1.400000,0.196889
-0.922664,1.000000,1.400000,0.100112
-0.238125,1.000000,1.400000,0.113521
-0.185524,1.000000,1.400000,0.103649
0.765635,1.000000,1.400000,0.097314
0.651570,1.000000,1.400000,0.097336
0.095504,1.000000,1.400000,0.098638
-0.389576,1.000000,1.400000,0.427167
0.532809,1.000000,1.400000,0.097386
0.244946,1.000000,1.400000,0.097861
-0.358482,1.000000,1.400000,0.326474
0.181370,1.000000,1.400000,0.098121
-0.146733,1.000000,1.400000,0.101776
-0.120621,1.000000,1.400000,0.101113
-1.021483,1.000000,1.400000,0.099941
0.405094,1.000000,1.400000,0.097507
0.737119,1.000000,1.400000,0.097318
-0.675495,1.000000,1.400000,0.103580
0.015822,1.000000,1.400000,0.099298
-0.212423,1.000000,1.400000,0.107088
0.731476,1.000000,1.400000,0.097319
-0.153999,1.000000,1.400000,0.102015
-1.004478,1.000000,1.400000,0.099953
-0.731467,1.000000,1.400000,0.100686
-0.902564,1.000000,1.400000,0.100212
0.138278,1.000000,1.400000,0.098355
0.776787,1.000000,1.400000,0.097313
-0.174606,1.000000,1.400000,0.102926
0.128991,1.000000,1.400000,0.098412
-0.935587,1.000000,1.400000,0.100067
-0.188400,1.000000,1.400000,0.103884
-0.709025,1.000000,1.400000,0.101394
-0.843674,1.000000,1.400000,0.101110
0.297297,1.000000,1.400000,0.097708
-0.878692,1.000000,1.400000,0.100413
-0.538412,1.000000,1.400000,0.119841
0.114387,1.000000,1.400000,0.098507
-1.045145,1.000000,1.400000,0.099930
0.534558,1.000000,1.400000,0.097385
-0.704147,1.000000,1.400000,0.101644
0.522306,1.000000,1.400000,0.097393
-0.852772,1.000000,1.400000,0.100866
0.894721,1.000000,1.400000,0.097304
0.172177,1.000000,1.400000,0.098167
-0.560884,1.000000,1.400000,0.115467
-0.059463,1.000000,1.400000,0.100118
-0.473132,1.000000,1.400000,0.220605
0.026495,1.000000,1.400000,0.099199
0.778843,1.000000,1.400000,0.097313
0.632142,1.000000,1.400000,0.097342
-0.568209,1.000000,1.400000,0.114646
-1.080229,1.000000,1.400000,0.099919
-0.713514,1.000000,1.400000,0.101188
-0.172845,1.000000,1.400000,0.102830
-0.073789,1.000000,1.400000,0.100311
0.082592,1.000000,1.400000,0.098733
-0.159789,1.000000,1.400000,0.102230
0.880781,1.000000,1.400000,0.097305
0.244946,1.000000,1.400000,0.097861
0.371622,1.000000,1.400000,0.097556
1.091822,1.000000,1.400000,0.097299
-0.417621,1.000000,1.400000,0.511544
-0.061082,1.000000,1.400000,0.100139
-0.639189,1.000000,1.400000,0.107096
0.623570,1.000000,1.400000,0.097344
-0.900436,1.000000,1.400000,0.100225
-1.021483,1.000000,1.400000,0.099941
-0.461223,1.000000,1.400000,0.263993
-0.589537,1.000000,1.400000,0.112754
-0.181716,1.000000,1.400000,0.103370
0.822667,1.000000,1.400000,0.097309
-0.531482,1.000000,1.400000,0.122430
0.628200,1.000000,1.400000,0.097343
0.433475,1.000000,1.400000,0.097471
0.444026,1.000000,1.400000,0.097460
0.225755,1.000000,1.400000,0.097930
0.309375,1.000000,1.400000,0.097678
-0.370758,1.000000,1.400000,0.366557
0.652013,1.000000,1.400000,0.097336
-0.702029,1.000000,1.400000,0.101760
-0.486188,1.000000,1.400000,0.185981
-0.032819,1.000000,1.400000,0.099797
-0.116768,1.000000,1.400000,0.101033
-0.532231,1.000000,1.400000,0.122102
0.021546,1.000000,1.400000,0.099245
-0.118130,1.000000,1.400000,0.101061
-0.217963,1.000000,1.400000,0.108087
0.760652,1.000000,1.400000,0.097315
0.112077,1.000000,1.400000,0.098523
-0.279946,1.000000,1.400000,0.143343
-0.859050,1.000000,1.400000,0.100727
0.302849,1.000000,1.400000,0.097694
0.403134,1.000000,1.400000,0.097509
0.344923,1.000000,1.400000,0.097603
-0.488910,1.000000,1.400000,0.179816
-0.851756,1.000000,1.400000,0.100891
0.028780,1.000000,1.400000,0.099179
-0.401972,1.000000,1.400000,0.465156
-0.275207,1.000000,1.400000,0.138017
-0.859790,1.000000,1.400000,0.100712
-0.475676,1.000000,1.400000,0.213079
-0.744340,1.000000,1.400000,0.100816
-0.168605,1.000000,1.400000,0.102614
-0.862162,1.000000,1.400000,0.100666
0.312162,1.000000,1.400000,0.097672
0.733601,1.000000,1.400000,0.097319
-0.996817,1.000000,1.400000,0.099959
-0.068986,1.000000,1.400000,0.100244
-1.048739,1.000000,1.400000,0.099928
-0.849901,1.000000,1.400000,0.100937
-1.042341,1.000000,1.400000,0.099931
0.437698,1.000000,1.400000,0.097467
-0.702951,1.000000,1.400000,0.101709
0.371814,1.000000,1.400000,0.097556
0.237838,1.000000,1.400000,0.097886
-0.677156,1.000000,1.400000,0.103447
-0.630816,1.000000,1.400000,0.108048
0.561190,1.000000,1.400000,0.097370
0.380666,1.000000,1.400000,0.097542
0.401618,1.000000,1.400000,0.097511
-1.015749,1.000000,1.400000,0.099944
0.270042,1.000000,1.400000,0.097781
0.655259,1.000000,1.400000,0.097335
-0.303723,1.000000,1.400000,0.180157
-0.108297,1.000000,1.400000,0.100868
0.163855,1.000000,1.400000,0.098210
-0.720342,1.000000,1.400000,0.100929
0.688905,1.000000,1.400000,0.097327
-0.777924,1.000000,1.400000,0.102967
0.897628,1.000000,1.400000,0.097304
0.141106,1.000000,1.400000,0.098338
0.323989,1.000000,1.400000,0.097646
-0.616625,1.000000,1.400000,0.109717
-0.162528,1.000000,1.400000,0.102341
-0.262061,1.000000,1.400000,0.126254
-0.811266,1.000000,1.400000,0.102407
-0.603692,1.000000,1.400000,0.111199
-0.089189,1.000000,1.400000,0.100540
-0.560369,1.000000,1.400000,0.115531
-0.559863,1.000000,1.400000,0.115595
0.423440,1.000000,1.400000,0.097483
0.428938,1.000000,1.400000,0.097477
0.178045,1.000000,1.400000,0.098138
-0.445946,1.000000,1.400000,0.361174
0.336338,1.000000,1.400000,0.097620
-0.645006,1.000000,1.400000,0.106460
-0.857864,1.000000,1.400000,0.100751
-0.959213,1.000000,1.400000,0.100009
0.605509,1.000000,1.400000,0.097351
-0.592177,1.000000,1.400000,0.112507
-0.208108,1.000000,1.400000,0.106383
0.092902,1.000000,1.400000,0.098657
-0.261862,1.000000,1.400000,0.126107
-0.818758,1.000000,1.400000,0.102063
0.206426,1.000000,1.400000,0.098007
0.036051,1.000000,1.400000,0.099114
-1.041837,1.000000,1.400000,0.099931
0.661623,1.000000,1.400000,0.097333
-0.185901,1.000000,1.400000,0.103679
-0.618189,1.000000,1.400000,0.109537
-0.898902,1.000000,1.400000,0.100235
-0.959597,1.000000,1.400000,0.100009
-0.687618,1.000000,1.400000,0.102668
0.639591,1.000000,1.400000,0.097339
-0.389246,1.000000,1.400000,0.426131
0.413849,1.000000,1.400000,0.097495
-0.802757,1.000000,1.400000,0.102780
0.074324,1.000000,1.400000,0.098797
-0.701768,1.000000,1.400000,0.101775
-0.146884,1.000000,1.400000,0.101781
-0.124294,1.000000,1.400000,0.101193
0.348332,1.000000,1.400000,0.097597
