# best iteration: (array([47]),)
-0.800000,0.100000,0.100000,0.340106
-0.792929,0.100000,0.100000,0.343598
-0.785859,0.100000,0.100000,0.347055
-0.778788,0.100000,0.100000,0.350476
-0.771717,0.100000,0.100000,0.353861
-0.764646,0.100000,0.100000,0.357210
-0.757576,0.100000,0.100000,0.360524
-0.750505,0.100000,0.100000,0.363802
-0.743434,0.100000,0.100000,0.367047
-0.736364,0.100000,0.100000,0.370261
-0.729293,0.100000,0.100000,0.373447
-0.722222,0.100000,0.100000,0.376609
-0.715152,0.100000,0.100000,0.379753
-0.708081,0.100000,0.100000,0.382883
-0.701010,0.100000,0.100000,0.386010
-0.693939,0.100000,0.100000,0.389141
-0.686869,0.100000,0.100000,0.392287
-0.679798,0.100000,0.100000,0.395463
-0.672727,0.100000,0.100000,0.398684
-0.665657,0.100000,0.100000,0.401970
-0.658586,0.100000,0.100000,0.405342
-0.651515,0.100000,0.100000,0.408827
-0.644444,0.100000,0.100000,0.412454
-0.637374,0.100000,0.100000,0.416260
-0.630303,0.100000,0.100000,0.420285
-0.623232,0.100000,0.100000,0.424576
-0.616162,0.100000,0.100000,0.429189
-0.609091,0.100000,0.100000,0.434185
-0.602020,0.100000,0.100000,0.439640
-0.594949,0.100000,0.100000,0.445639
-0.587879,0.100000,0.100000,0.452284
-0.580808,0.100000,0.100000,0.459702
-0.573737,0.100000,0.100000,0.468046
-0.566667,0.100000,0.100000,0.477516
-0.559596,0.100000,0.100000,0.488369
-0.552525,0.100000,0.100000,0.500943
-0.545455,0.100000,0.100000,0.515685
-0.538384,0.100000,0.100000,0.533162
-0.531313,0.100000,0.100000,0.554073
-0.524242,0.100000,0.100000,0.579177
-0.517172,0.100000,0.100000,0.609119
-0.510101,0.100000,0.100000,0.644048
-0.503030,0.100000,0.100000,0.682999
-0.495960,0.100000,0.100000,0.723273
-0.488889,0.100000,0.100000,0.760512
-0.481818,0.100000,0.100000,0.790223
-0.474747,0.100000,0.100000,0.810153
-0.467677,0.100000,0.100000,0.821326
-0.460606,0.100000,0.100000,0.826659
-0.453535,0.100000,0.100000,0.828921
-0.446465,0.100000,0.100000,0.829825
-0.439394,0.100000,0.100000,0.830189
-0.432323,0.100000,0.100000,0.830346
-0.425253,0.100000,0.100000,0.830422
-0.418182,0.100000,0.100000,0.830377
-0.411111,0.100000,0.100000,0.827649
-0.404040,0.100000,0.100000,0.808549
-0.396970,0.100000,0.100000,0.781911
-0.389899,0.100000,0.100000,0.759359
-0.382828,0.100000,0.100000,0.738810
-0.375758,0.100000,0.100000,0.716730
-0.368687,0.100000,0.100000,0.689154
-0.361616,0.100000,0.100000,0.652889
-0.354545,0.100000,0.100000,0.607130
-0.347475,0.100000,0.100000,0.554590
-0.340404,0.100000,0.100000,0.500651
-0.333333,0.100000,0.100000,0.450626
-0.326263,0.100000,0.100000,0.407570
-0.319192,0.100000,0.100000,0.372100
-0.312121,0.100000,0.100000,0.343372
-0.305051,0.100000,0.100000,0.320060
-0.297980,0.100000,0.100000,0.300887
-0.290909,0.100000,0.100000,0.284817
-0.283838,0.100000,0.100000,0.271075
-0.276768,0.100000,0.100000,0.259099
-0.269697,0.100000,0.100000,0.248487
-0.262626,0.100000,0.100000,0.238952
-0.255556,0.100000,0.100000,0.230286
-0.248485,0.100000,0.100000,0.222337
-0.241414,0.100000,0.100000,0.214994
-0.234343,0.100000,0.100000,0.208170
-0.227273,0.100000,0.100000,0.201802
-0.220202,0.100000,0.100000,0.195838
-0.213131,0.100000,0.100000,0.190238
-0.206061,0.100000,0.100000,0.184970
-0.198990,0.100000,0.100000,0.180008
-0.191919,0.100000,0.100000,0.175329
-0.184848,0.100000,0.100000,0.170915
-0.177778,0.100000,0.100000,0.166750
-0.170707,0.100000,0.100000,0.162819
-0.163636,0.100000,0.100000,0.159112
-0.156566,0.100000,0.100000,0.155616
-0.149495,0.100000,0.100000,0.152322
-0.142424,0.100000,0.100000,0.149219
-0.135354,0.100000,0.100000,0.146300
-0.128283,0.100000,0.100000,0.143555
-0.121212,0.100000,0.100000,0.140978
-0.114141,0.100000,0.100000,0.138559
-0.107071,0.100000,0.100000,0.136291
-0.100000,0.100000,0.100000,0.134168
-0.800000,0.100000,0.400000,0.164022
-0.792929,0.100000,0.400000,0.166382
-0.785859,0.100000,0.400000,0.168806
-0.778788,0.100000,0.400000,0.171293
-0.771717,0.100000,0.400000,0.173843
-0.764646,0.100000,0.400000,0.176455
-0.757576,0.100000,0.400000,0.179130
-0.750505,0.100000,0.400000,0.181868
-0.743434,0.100000,0.400000,0.184669
-0.736364,0.100000,0.400000,0.187534
-0.729293,0.100000,0.400000,0.190464
-0.722222,0.100000,0.400000,0.193464
-0.715152,0.100000,0.400000,0.196537
-0.708081,0.100000,0.400000,0.199687
-0.701010,0.100000,0.400000,0.202924
-0.693939,0.100000,0.400000,0.206256
-0.686869,0.100000,0.400000,0.209696
-0.679798,0.100000,0.400000,0.213259
-0.672727,0.100000,0.400000,0.216967
-0.665657,0.100000,0.400000,0.220842
-0.658586,0.100000,0.400000,0.224915
-0.651515,0.100000,0.400000,0.229222
-0.644444,0.100000,0.400000,0.233805
-0.637374,0.100000,0.400000,0.238717
-0.630303,0.100000,0.400000,0.244016
-0.623232,0.100000,0.400000,0.249771
-0.616162,0.100000,0.400000,0.256059
-0.609091,0.100000,0.400000,0.262967
-0.602020,0.100000,0.400000,0.270589
-0.594949,0.100000,0.400000,0.279021
-0.587879,0.100000,0.400000,0.288364
-0.580808,0.100000,0.400000,0.298715
-0.573737,0.100000,0.400000,0.310164
-0.566667,0.100000,0.400000,0.322793
-0.559596,0.100000,0.400000,0.336680
-0.552525,0.100000,0.400000,0.351909
-0.545455,0.100000,0.400000,0.368606
-0.538384,0.100000,0.400000,0.386983
-0.531313,0.100000,0.400000,0.407421
-0.524242,0.100000,0.400000,0.430573
-0.517172,0.100000,0.400000,0.457491
-0.510101,0.100000,0.400000,0.489731
-0.503030,0.100000,0.400000,0.529304
-0.495960,0.100000,0.400000,0.578158
-0.488889,0.100000,0.400000,0.636559
-0.481818,0.100000,0.400000,0.700098
-0.474747,0.100000,0.400000,0.757932
-0.467677,0.100000,0.400000,0.798345
-0.460606,0.100000,0.400000,0.818990
-0.453535,0.100000,0.400000,0.826871
-0.446465,0.100000,0.400000,0.829349
-0.439394,0.100000,0.400000,0.830090
-0.432323,0.100000,0.400000,0.830333
-0.425253,0.100000,0.400000,0.830413
-0.418182,0.100000,0.400000,0.829434
-0.411111,0.100000,0.400000,0.810054
-0.404040,0.100000,0.400000,0.766262
-0.396970,0.100000,0.400000,0.726210
-0.389899,0.100000,0.400000,0.686997
-0.382828,0.100000,0.400000,0.641937
-0.375758,0.100000,0.400000,0.587692
-0.368687,0.100000,0.400000,0.526141
-0.361616,0.100000,0.400000,0.463528
-0.354545,0.100000,0.400000,0.406506
-0.347475,0.100000,0.400000,0.358769
-0.340404,0.100000,0.400000,0.320740
-0.333333,0.100000,0.400000,0.291018
-0.326263,0.100000,0.400000,0.267727
-0.319192,0.100000,0.400000,0.249192
-0.312121,0.100000,0.400000,0.234121
-0.305051,0.100000,0.400000,0.221587
-0.297980,0.100000,0.400000,0.210942
-0.290909,0.100000,0.400000,0.201735
-0.283838,0.100000,0.400000,0.193652
-0.276768,0.100000,0.400000,0.186470
-0.269697,0.100000,0.400000,0.180026
-0.262626,0.100000,0.400000,0.174203
-0.255556,0.100000,0.400000,0.168910
-0.248485,0.100000,0.400000,0.164079
-0.241414,0.100000,0.400000,0.159654
-0.234343,0.100000,0.400000,0.155592
-0.227273,0.100000,0.400000,0.151857
-0.220202,0.100000,0.400000,0.148418
-0.213131,0.100000,0.400000,0.145248
-0.206061,0.100000,0.400000,0.142326
-0.198990,0.100000,0.400000,0.139632
-0.191919,0.100000,0.400000,0.137147
-0.184848,0.100000,0.400000,0.134855
-0.177778,0.100000,0.400000,0.132743
-0.170707,0.100000,0.400000,0.130795
-0.163636,0.100000,0.400000,0.129000
-0.156566,0.100000,0.400000,0.127346
-0.149495,0.100000,0.400000,0.125822
-0.142424,0.100000,0.400000,0.124418
-0.135354,0.100000,0.400000,0.123126
-0.128283,0.100000,0.400000,0.121935
-0.121212,0.100000,0.400000,0.120839
-0.114141,0.100000,0.400000,0.119829
-0.107071,0.100000,0.400000,0.118899
-0.100000,0.100000,0.400000,0.118042
-0.800000,0.100000,0.700000,0.106143
-0.792929,0.100000,0.700000,0.106308
-0.785859,0.100000,0.700000,0.106480
-0.778788,0.100000,0.700000,0.106657
-0.771717,0.100000,0.700000,0.106840
-0.764646,0.100000,0.700000,0.107030
-0.757576,0.100000,0.700000,0.107226
-0.750505,0.100000,0.700000,0.107430
-0.743434,0.100000,0.700000,0.107641
-0.736364,0.100000,0.700000,0.107859
-0.729293,0.100000,0.700000,0.108086
-0.722222,0.100000,0.700000,0.108322
-0.715152,0.100000,0.700000,0.108568
-0.708081,0.100000,0.700000,0.108825
-0.701010,0.100000,0.700000,0.109094
-0.693939,0.100000,0.700000,0.109376
-0.686869,0.100000,0.700000,0.109675
-0.679798,0.100000,0.700000,0.109992
-0.672727,0.100000,0.700000,0.110330
-0.665657,0.100000,0.700000,0.110693
-0.658586,0.100000,0.700000,0.111087
-0.651515,0.100000,0.700000,0.111516
-0.644444,0.100000,0.700000,0.111990
-0.637374,0.100000,0.700000,0.112517
-0.630303,0.100000,0.700000,0.113110
-0.623232,0.100000,0.700000,0.113783
-0.616162,0.100000,0.700000,0.114556
-0.609091,0.100000,0.700000,0.115453
-0.602020,0.100000,0.700000,0.116503
-0.594949,0.100000,0.700000,0.117746
-0.587879,0.100000,0.700000,0.119229
-0.580808,0.100000,0.700000,0.121013
-0.573737,0.100000,0.700000,0.123173
-0.566667,0.100000,0.700000,0.125802
-0.559596,0.100000,0.700000,0.129015
-0.552525,0.100000,0.700000,0.132946
-0.545455,0.100000,0.700000,0.137753
-0.538384,0.100000,0.700000,0.143614
-0.531313,0.100000,0.700000,0.150724
-0.524242,0.100000,0.700000,0.159296
-0.517172,0.100000,0.700000,0.169579
-0.510101,0.100000,0.700000,0.181911
-0.503030,0.100000,0.700000,0.196857
-0.495960,0.100000,0.700000,0.215515
-0.488889,0.100000,0.700000,0.240153
-0.481818,0.100000,0.700000,0.275547
-0.474747,0.100000,0.700000,0.331528
-0.467677,0.100000,0.700000,0.425593
-0.460606,0.100000,0.700000,0.571176
-0.453535,0.100000,0.700000,0.724192
-0.446465,0.100000,0.700000,0.804161
-0.439394,0.100000,0.700000,0.825240
-0.432323,0.100000,0.700000,0.829295
-0.425253,0.100000,0.700000,0.830119
-0.418182,0.100000,0.700000,0.825861
-0.411111,0.100000,0.700000,0.759401
-0.404040,0.100000,0.700000,0.648899
-0.396970,0.100000,0.700000,0.548717
-0.389899,0.100000,0.700000,0.458117
-0.382828,0.100000,0.700000,0.379791
-0.375758,0.100000,0.700000,0.316922
-0.368687,0.100000,0.700000,0.269524
-0.361616,0.100000,0.700000,0.235046
-0.354545,0.100000,0.700000,0.210217
-0.347475,0.100000,0.700000,0.192178
-0.340404,0.100000,0.700000,0.178805
-0.333333,0.100000,0.700000,0.168633
-0.326263,0.100000,0.700000,0.160688
-0.319192,0.100000,0.700000,0.154324
-0.312121,0.100000,0.700000,0.149114
-0.305051,0.100000,0.700000,0.144768
-0.297980,0.100000,0.700000,0.141085
-0.290909,0.100000,0.700000,0.137926
-0.283838,0.100000,0.700000,0.135188
-0.276768,0.100000,0.700000,0.132796
-0.269697,0.100000,0.700000,0.130690
-0.262626,0.100000,0.700000,0.128827
-0.255556,0.100000,0.700000,0.127171
-0.248485,0.100000,0.700000,0.125692
-0.241414,0.100000,0.700000,0.124368
-0.234343,0.100000,0.700000,0.123178
-0.227273,0.100000,0.700000,0.122106
-0.220202,0.100000,0.700000,0.121137
-0.213131,0.100000,0.700000,0.120260
-0.206061,0.100000,0.700000,0.119464
-0.198990,0.100000,0.700000,0.118741
-0.191919,0.100000,0.700000,0.118082
-0.184848,0.100000,0.700000,0.117480
-0.177778,0.100000,0.700000,0.116930
-0.170707,0.100000,0.700000,0.116426
-0.163636,0.100000,0.700000,0.115964
-0.156566,0.100000,0.700000,0.115539
-0.149495,0.100000,0.700000,0.115149
-0.142424,0.100000,0.700000,0.114788
-0.135354,0.100000,0.700000,0.114456
-0.128283,0.100000,0.700000,0.114148
-0.121212,0.100000,0.700000,0.113864
-0.114141,0.100000,0.700000,0.113600
-0.107071,0.100000,0.700000,0.113355
-0.100000,0.100000,0.700000,0.113126
-0.800000,0.100000,1.000000,0.102433
-0.792929,0.100000,1.000000,0.102453
-0.785859,0.100000,1.000000,0.102474
-0.778788,0.100000,1.000000,0.102495
-0.771717,0.100000,1.000000,0.102517
-0.764646,0.100000,1.000000,0.102539
-0.757576,0.100000,1.000000,0.102561
-0.750505,0.100000,1.000000,0.102584
-0.743434,0.100000,1.000000,0.102607
-0.736364,0.100000,1.000000,0.102630
-0.729293,0.100000,1.000000,0.102654
-0.722222,0.100000,1.000000,0.102679
-0.715152,0.100000,1.000000,0.102704
-0.708081,0.100000,1.000000,0.102729
-0.701010,0.100000,1.000000,0.102756
-0.693939,0.100000,1.000000,0.102783
-0.686869,0.100000,1.000000,0.102811
-0.679798,0.100000,1.000000,0.102839
-0.672727,0.100000,1.000000,0.102869
-0.665657,0.100000,1.000000,0.102901
-0.658586,0.100000,1.000000,0.102935
-0.651515,0.100000,1.000000,0.102970
-0.644444,0.100000,1.000000,0.103008
-0.637374,0.100000,1.000000,0.103049
-0.630303,0.100000,1.000000,0.103094
-0.623232,0.100000,1.000000,0.103144
-0.616162,0.100000,1.000000,0.103199
-0.609091,0.100000,1.000000,0.103262
-0.602020,0.100000,1.000000,0.103333
-0.594949,0.100000,1.000000,0.103414
-0.587879,0.100000,1.000000,0.103507
-0.580808,0.100000,1.000000,0.103616
-0.573737,0.100000,1.000000,0.103744
-0.566667,0.100000,1.000000,0.103894
-0.559596,0.100000,1.000000,0.104070
-0.552525,0.100000,1.000000,0.104278
-0.545455,0.100000,1.000000,0.104523
-0.538384,0.100000,1.000000,0.104811
-0.531313,0.100000,1.000000,0.105148
-0.524242,0.100000,1.000000,0.105541
-0.517172,0.100000,1.000000,0.105998
-0.510101,0.100000,1.000000,0.106530
-0.503030,0.100000,1.000000,0.107153
-0.495960,0.100000,1.000000,0.107900
-0.488889,0.100000,1.000000,0.108840
-0.481818,0.100000,1.000000,0.110126
-0.474747,0.100000,1.000000,0.112122
-0.467677,0.100000,1.000000,0.115768
-0.460606,0.100000,1.000000,0.123851
-0.453535,0.100000,1.000000,0.146433
-0.446465,0.100000,1.000000,0.227068
-0.439394,0.100000,1.000000,0.487810
-0.432323,0.100000,1.000000,0.757297
-0.425253,0.100000,1.000000,0.820976
-0.418182,0.100000,1.000000,0.798677
-0.411111,0.100000,1.000000,0.576188
-0.404040,0.100000,1.000000,0.381993
-0.396970,0.100000,1.000000,0.274406
-0.389899,0.100000,1.000000,0.214005
-0.382828,0.100000,1.000000,0.179157
-0.375758,0.100000,1.000000,0.158241
-0.368687,0.100000,1.000000,0.145103
-0.361616,0.100000,1.000000,0.136460
-0.354545,0.100000,1.000000,0.130511
-0.347475,0.100000,1.000000,0.126238
-0.340404,0.100000,1.000000,0.123046
-0.333333,0.100000,1.000000,0.120579
-0.326263,0.100000,1.000000,0.118613
-0.319192,0.100000,1.000000,0.117007
-0.312121,0.100000,1.000000,0.115670
-0.305051,0.100000,1.000000,0.114536
-0.297980,0.100000,1.000000,0.113563
-0.290909,0.100000,1.000000,0.112719
-0.283838,0.100000,1.000000,0.111981
-0.276768,0.100000,1.000000,0.111332
-0.269697,0.100000,1.000000,0.110758
-0.262626,0.100000,1.000000,0.110248
-0.255556,0.100000,1.000000,0.109794
-0.248485,0.100000,1.000000,0.109389
-0.241414,0.100000,1.000000,0.109027
-0.234343,0.100000,1.000000,0.108703
-0.227273,0.100000,1.000000,0.108412
-0.220202,0.100000,1.000000,0.108151
-0.213131,0.100000,1.000000,0.107917
-0.206061,0.100000,1.000000,0.107707
-0.198990,0.100000,1.000000,0.107519
-0.191919,0.100000,1.000000,0.107350
-0.184848,0.100000,1.000000,0.107199
-0.177778,0.100000,1.000000,0.107064
-0.170707,0.100000,1.000000,0.106943
-0.163636,0.100000,1.000000,0.106836
-0.156566,0.100000,1.000000,0.106740
-0.149495,0.100000,1.000000,0.106655
-0.142424,0.100000,1.000000,0.106580
-0.135354,0.100000,1.000000,0.106514
-0.128283,0.100000,1.000000,0.106457
-0.121212,0.100000,1.000000,0.106407
-0.114141,0.100000,1.000000,0.106364
-0.107071,0.100000,1.000000,0.106327
-0.100000,0.100000,1.000000,0.106297
-0.800000,0.100000,1.300000,0.102363
-0.792929,0.100000,1.300000,0.102375
-0.785859,0.100000,1.300000,0.102388
-0.778788,0.100000,1.300000,0.102401
-0.771717,0.100000,1.300000,0.102414
-0.764646,0.100000,1.300000,0.102427
-0.757576,0.100000,1.300000,0.102440
-0.750505,0.100000,1.300000,0.102453
-0.743434,0.100000,1.300000,0.102466
-0.736364,0.100000,1.300000,0.102479
-0.729293,0.100000,1.300000,0.102493
-0.722222,0.100000,1.300000,0.102506
-0.715152,0.100000,1.300000,0.102520
-0.708081,0.100000,1.300000,0.102533
-0.701010,0.100000,1.300000,0.102546
-0.693939,0.100000,1.300000,0.102560
-0.686869,0.100000,1.300000,0.102574
-0.679798,0.100000,1.300000,0.102587
-0.672727,0.100000,1.300000,0.102601
-0.665657,0.100000,1.300000,0.102615
-0.658586,0.100000,1.300000,0.102629
-0.651515,0.100000,1.300000,0.102644
-0.644444,0.100000,1.300000,0.102658
-0.637374,0.100000,1.300000,0.102673
-0.630303,0.100000,1.300000,0.102688
-0.623232,0.100000,1.300000,0.102704
-0.616162,0.100000,1.300000,0.102720
-0.609091,0.100000,1.300000,0.102737
-0.602020,0.100000,1.300000,0.102754
-0.594949,0.100000,1.300000,0.102773
-0.587879,0.100000,1.300000,0.102794
-0.580808,0.100000,1.300000,0.102816
-0.573737,0.100000,1.300000,0.102840
-0.566667,0.100000,1.300000,0.102868
-0.559596,0.100000,1.300000,0.102898
-0.552525,0.100000,1.300000,0.102933
-0.545455,0.100000,1.300000,0.102973
-0.538384,0.100000,1.300000,0.103019
-0.531313,0.100000,1.300000,0.103074
-0.524242,0.100000,1.300000,0.103139
-0.517172,0.100000,1.300000,0.103219
-0.510101,0.100000,1.300000,0.103322
-0.503030,0.100000,1.300000,0.103461
-0.495960,0.100000,1.300000,0.103659
-0.488889,0.100000,1.300000,0.103965
-0.481818,0.100000,1.300000,0.104477
-0.474747,0.100000,1.300000,0.105409
-0.467677,0.100000,1.300000,0.107295
-0.460606,0.100000,1.300000,0.111698
-0.453535,0.100000,1.300000,0.124421
-0.446465,0.100000,1.300000,0.174086
-0.439394,0.100000,1.300000,0.393970
-0.432323,0.100000,1.300000,0.745385
-0.425253,0.100000,1.300000,0.784374
-0.418182,0.100000,1.300000,0.480839
-0.411111,0.100000,1.300000,0.271000
-0.404040,0.100000,1.300000,0.186042
-0.396970,0.100000,1.300000,0.148172
-0.389899,0.100000,1.300000,0.130059
-0.382828,0.100000,1.300000,0.120753
-0.375758,0.100000,1.300000,0.115580
-0.368687,0.100000,1.300000,0.112471
-0.361616,0.100000,1.300000,0.110461
-0.354545,0.100000,1.300000,0.109077
-0.347475,0.100000,1.300000,0.108073
-0.340404,0.100000,1.300000,0.107313
-0.333333,0.100000,1.300000,0.106718
-0.326263,0.100000,1.300000,0.106239
-0.319192,0.100000,1.300000,0.105847
-0.312121,0.100000,1.300000,0.105521
-0.305051,0.100000,1.300000,0.105246
-0.297980,0.100000,1.300000,0.105013
-0.290909,0.100000,1.300000,0.104814
-0.283838,0.100000,1.300000,0.104644
-0.276768,0.100000,1.300000,0.104497
-0.269697,0.100000,1.300000,0.104370
-0.262626,0.100000,1.300000,0.104259
-0.255556,0.100000,1.300000,0.104163
-0.248485,0.100000,1.300000,0.104080
-0.241414,0.100000,1.300000,0.104007
-0.234343,0.100000,1.300000,0.103944
-0.227273,0.100000,1.300000,0.103888
-0.220202,0.100000,1.300000,0.103839
-0.213131,0.100000,1.300000,0.103796
-0.206061,0.100000,1.300000,0.103759
-0.198990,0.100000,1.300000,0.103726
-0.191919,0.100000,1.300000,0.103698
-0.184848,0.100000,1.300000,0.103672
-0.177778,0.100000,1.300000,0.103651
-0.170707,0.100000,1.300000,0.103632
-0.163636,0.100000,1.300000,0.103615
-0.156566,0.100000,1.300000,0.103601
-0.149495,0.100000,1.300000,0.103589
-0.142424,0.100000,1.300000,0.103579
-0.135354,0.100000,1.300000,0.103570
-0.128283,0.100000,1.300000,0.103563
-0.121212,0.100000,1.300000,0.103557
-0.114141,0.100000,1.300000,0.103553
-0.107071,0.100000,1.300000,0.103549
-0.100000,0.100000,1.300000,0.103547
-0.800000,0.100000,1.600000,0.102439
-0.792929,0.100000,1.600000,0.102452
-0.785859,0.100000,1.600000,0.102465
-0.778788,0.100000,1.600000,0.102477
-0.771717,0.100000,1.600000,0.102490
-0.764646,0.100000,1.600000,0.102503
-0.757576,0.100000,1.600000,0.102516
-0.750505,0.100000,1.600000,0.102529
-0.743434,0.100000,1.600000,0.102542
-0.736364,0.100000,1.600000,0.102555
-0.729293,0.100000,1.600000,0.102568
-0.722222,0.100000,1.600000,0.102581
-0.715152,0.100000,1.600000,0.102594
-0.708081,0.100000,1.600000,0.102607
-0.701010,0.100000,1.600000,0.102620
-0.693939,0.100000,1.600000,0.102633
-0.686869,0.100000,1.600000,0.102646
-0.679798,0.100000,1.600000,0.102658
-0.672727,0.100000,1.600000,0.102671
-0.665657,0.100000,1.600000,0.102683
-0.658586,0.100000,1.600000,0.102696
-0.651515,0.100000,1.600000,0.102708
-0.644444,0.100000,1.600000,0.102720
-0.637374,0.100000,1.600000,0.102732
-0.630303,0.100000,1.600000,0.102744
-0.623232,0.100000,1.600000,0.102756
-0.616162,0.100000,1.600000,0.102768
-0.609091,0.100000,1.600000,0.102780
-0.602020,0.100000,1.600000,0.102792
-0.594949,0.100000,1.600000,0.102805
-0.587879,0.100000,1.600000,0.102818
-0.580808,0.100000,1.600000,0.102832
-0.573737,0.100000,1.600000,0.102848
-0.566667,0.100000,1.600000,0.102866
-0.559596,0.100000,1.600000,0.102887
-0.552525,0.100000,1.600000,0.102913
-0.545455,0.100000,1.600000,0.102947
-0.538384,0.100000,1.600000,0.102992
-0.531313,0.100000,1.600000,0.103056
-0.524242,0.100000,1.600000,0.103149
-0.517172,0.100000,1.600000,0.103289
-0.510101,0.100000,1.600000,0.103506
-0.503030,0.100000,1.600000,0.103849
-0.495960,0.100000,1.600000,0.104403
-0.488889,0.100000,1.600000,0.105310
-0.481818,0.100000,1.600000,0.106842
-0.474747,0.100000,1.600000,0.109638
-0.467677,0.100000,1.600000,0.115682
-0.460606,0.100000,1.600000,0.132930
-0.453535,0.100000,1.600000,0.202398
-0.446465,0.100000,1.600000,0.491300
-0.439394,0.100000,1.600000,0.783044
-0.432323,0.100000,1.600000,0.578557
-0.425253,0.100000,1.600000,0.281654
-0.418182,0.100000,1.600000,0.177306
-0.411111,0.100000,1.600000,0.138382
-0.404040,0.100000,1.600000,0.121856
-0.396970,0.100000,1.600000,0.114164
-0.389899,0.100000,1.600000,0.110260
-0.382828,0.100000,1.600000,0.108095
-0.375758,0.100000,1.600000,0.106788
-0.368687,0.100000,1.600000,0.105935
-0.361616,0.100000,1.600000,0.105338
-0.354545,0.100000,1.600000,0.104899
-0.347475,0.100000,1.600000,0.104561
-0.340404,0.100000,1.600000,0.104295
-0.333333,0.100000,1.600000,0.104079
-0.326263,0.100000,1.600000,0.103903
-0.319192,0.100000,1.600000,0.103758
-0.312121,0.100000,1.600000,0.103638
-0.305051,0.100000,1.600000,0.103538
-0.297980,0.100000,1.600000,0.103455
-0.290909,0.100000,1.600000,0.103386
-0.283838,0.100000,1.600000,0.103328
-0.276768,0.100000,1.600000,0.103280
-0.269697,0.100000,1.600000,0.103240
-0.262626,0.100000,1.600000,0.103207
-0.255556,0.100000,1.600000,0.103180
-0.248485,0.100000,1.600000,0.103157
-0.241414,0.100000,1.600000,0.103138
-0.234343,0.100000,1.600000,0.103123
-0.227273,0.100000,1.600000,0.103110
-0.220202,0.100000,1.600000,0.103100
-0.213131,0.100000,1.600000,0.103092
-0.206061,0.100000,1.600000,0.103085
-0.198990,0.100000,1.600000,0.103080
-0.191919,0.100000,1.600000,0.103076
-0.184848,0.100000,1.600000,0.103073
-0.177778,0.100000,1.600000,0.103071
-0.170707,0.100000,1.600000,0.103070
-0.163636,0.100000,1.600000,0.103069
-0.156566,0.100000,1.600000,0.103070
-0.149495,0.100000,1.600000,0.103070
-0.142424,0.100000,1.600000,0.103071
-0.135354,0.100000,1.600000,0.103072
-0.128283,0.100000,1.600000,0.103074
-0.121212,0.100000,1.600000,0.103076
-0.114141,0.100000,1.600000,0.103078
-0.107071,0.100000,1.600000,0.103080
-0.100000,0.100000,1.600000,0.103083
-0.800000,0.100000,1.900000,0.102497
-0.792929,0.100000,1.900000,0.102511
-0.785859,0.100000,1.900000,0.102525
-0.778788,0.100000,1.900000,0.102539
-0.771717,0.100000,1.900000,0.102553
-0.764646,0.100000,1.900000,0.102567
-0.757576,0.100000,1.900000,0.102581
-0.750505,0.100000,1.900000,0.102595
-0.743434,0.100000,1.900000,0.102609
-0.736364,0.100000,1.900000,0.102622
-0.729293,0.100000,1.900000,0.102636
-0.722222,0.100000,1.900000,0.102650
-0.715152,0.100000,1.900000,0.102663
-0.708081,0.100000,1.900000,0.102677
-0.701010,0.100000,1.900000,0.102690
-0.693939,0.100000,1.900000,0.102703
-0.686869,0.100000,1.900000,0.102716
-0.679798,0.100000,1.900000,0.102728
-0.672727,0.100000,1.900000,0.102740
-0.665657,0.100000,1.900000,0.102752
-0.658586,0.100000,1.900000,0.102764
-0.651515,0.100000,1.900000,0.102776
-0.644444,0.100000,1.900000,0.102787
-0.637374,0.100000,1.900000,0.102798
-0.630303,0.100000,1.900000,0.102809
-0.623232,0.100000,1.900000,0.102821
-0.616162,0.100000,1.900000,0.102832
-0.609091,0.100000,1.900000,0.102844
-0.602020,0.100000,1.900000,0.102856
-0.594949,0.100000,1.900000,0.102870
-0.587879,0.100000,1.900000,0.102886
-0.580808,0.100000,1.900000,0.102905
-0.573737,0.100000,1.900000,0.102930
-0.566667,0.100000,1.900000,0.102962
-0.559596,0.100000,1.900000,0.103007
-0.552525,0.100000,1.900000,0.103072
-0.545455,0.100000,1.900000,0.103168
-0.538384,0.100000,1.900000,0.103313
-0.531313,0.100000,1.900000,0.103536
-0.524242,0.100000,1.900000,0.103881
-0.517172,0.100000,1.900000,0.104413
-0.510101,0.100000,1.900000,0.105218
-0.503030,0.100000,1.900000,0.106409
-0.495960,0.100000,1.900000,0.108165
-0.488889,0.100000,1.900000,0.110941
-0.481818,0.100000,1.900000,0.116332
-0.474747,0.100000,1.900000,0.130701
-0.467677,0.100000,1.900000,0.185339
-0.460606,0.100000,1.900000,0.426596
-0.453535,0.100000,1.900000,0.766703
-0.446465,0.100000,1.900000,0.609860
-0.439394,0.100000,1.900000,0.275365
-0.432323,0.100000,1.900000,0.166226
-0.425253,0.100000,1.900000,0.131029
-0.418182,0.100000,1.900000,0.117340
-0.411111,0.100000,1.900000,0.111260
-0.404040,0.100000,1.900000,0.108254
-0.396970,0.100000,1.900000,0.106615
-0.389899,0.100000,1.900000,0.105634
-0.382828,0.100000,1.900000,0.104994
-0.375758,0.100000,1.900000,0.104547
-0.368687,0.100000,1.900000,0.104215
-0.361616,0.100000,1.900000,0.103960
-0.354545,0.100000,1.900000,0.103758
-0.347475,0.100000,1.900000,0.103596
-0.340404,0.100000,1.900000,0.103464
-0.333333,0.100000,1.900000,0.103357
-0.326263,0.100000,1.900000,0.103270
-0.319192,0.100000,1.900000,0.103199
-0.312121,0.100000,1.900000,0.103141
-0.305051,0.100000,1.900000,0.103094
-0.297980,0.100000,1.900000,0.103057
-0.290909,0.100000,1.900000,0.103027
-0.283838,0.100000,1.900000,0.103003
-0.276768,0.100000,1.900000,0.102985
-0.269697,0.100000,1.900000,0.102971
-0.262626,0.100000,1.900000,0.102960
-0.255556,0.100000,1.900000,0.102951
-0.248485,0.100000,1.900000,0.102946
-0.241414,0.100000,1.900000,0.102942
-0.234343,0.100000,1.900000,0.102939
-0.227273,0.100000,1.900000,0.102938
-0.220202,0.100000,1.900000,0.102937
-0.213131,0.100000,1.900000,0.102938
-0.206061,0.100000,1.900000,0.102939
-0.198990,0.100000,1.900000,0.102940
-0.191919,0.100000,1.900000,0.102942
-0.184848,0.100000,1.900000,0.102945
-0.177778,0.100000,1.900000,0.102947
-0.170707,0.100000,1.900000,0.102950
-0.163636,0.100000,1.900000,0.102953
-0.156566,0.100000,1.900000,0.102956
-0.149495,0.100000,1.900000,0.102959
-0.142424,0.100000,1.900000,0.102962
-0.135354,0.100000,1.900000,0.102966
-0.128283,0.100000,1.900000,0.102969
-0.121212,0.100000,1.900000,0.102972
-0.114141,0.100000,1.900000,0.102976
-0.107071,0.100000,1.900000,0.102979
-0.100000,0.100000,1.900000,0.102983
-0.800000,0.100000,2.200000,0.102562
-0.792929,0.100000,2.200000,0.102577
-0.785859,0.100000,2.200000,0.102592
-0.778788,0.100000,2.200000,0.102607
-0.771717,0.100000,2.200000,0.102622
-0.764646,0.100000,2.200000,0.102636
-0.757576,0.100000,2.200000,0.102651
-0.750505,0.100000,2.200000,0.102666
-0.743434,0.100000,2.200000,0.102680
-0.736364,0.100000,2.200000,0.102694
-0.729293,0.100000,2.200000,0.102707
-0.722222,0.100000,2.200000,0.102721
-0.715152,0.100000,2.200000,0.102734
-0.708081,0.100000,2.200000,0.102746
-0.701010,0.100000,2.200000,0.102759
-0.693939,0.100000,2.200000,0.102771
-0.686869,0.100000,2.200000,0.102783
-0.679798,0.100000,2.200000,0.102794
-0.672727,0.100000,2.200000,0.102805
-0.665657,0.100000,2.200000,0.102816
-0.658586,0.100000,2.200000,0.102827
-0.651515,0.100000,2.200000,0.102837
-0.644444,0.100000,2.200000,0.102848
-0.637374,0.100000,2.200000,0.102859
-0.630303,0.100000,2.200000,0.102870
-0.623232,0.100000,2.200000,0.102883
-0.616162,0.100000,2.200000,0.102897
-0.609091,0.100000,2.200000,0.102913
-0.602020,0.100000,2.200000,0.102933
-0.594949,0.100000,2.200000,0.102958
-0.587879,0.100000,2.200000,0.102991
-0.580808,0.100000,2.200000,0.103037
-0.573737,0.100000,2.200000,0.103101
-0.566667,0.100000,2.200000,0.103195
-0.559596,0.100000,2.200000,0.103334
-0.552525,0.100000,2.200000,0.103544
-0.545455,0.100000,2.200000,0.103861
-0.538384,0.100000,2.200000,0.104337
-0.531313,0.100000,2.200000,0.105039
-0.524242,0.100000,2.200000,0.106036
-0.517172,0.100000,2.200000,0.107395
-0.510101,0.100000,2.200000,0.109228
-0.503030,0.100000,2.200000,0.111956
-0.495960,0.100000,2.200000,0.117199
-0.488889,0.100000,2.200000,0.131336
-0.481818,0.100000,2.200000,0.185093
-0.474747,0.100000,2.200000,0.418400
-0.467677,0.100000,2.200000,0.760957
-0.460606,0.100000,2.200000,0.676462
-0.453535,0.100000,2.200000,0.296374
-0.446465,0.100000,2.200000,0.165110
-0.439394,0.100000,2.200000,0.128418
-0.432323,0.100000,2.200000,0.115574
-0.425253,0.100000,2.200000,0.110164
-0.418182,0.100000,2.200000,0.107549
-0.411111,0.100000,2.200000,0.106130
-0.404040,0.100000,2.200000,0.105277
-0.396970,0.100000,2.200000,0.104717
-0.389899,0.100000,2.200000,0.104321
-0.382828,0.100000,2.200000,0.104026
-0.375758,0.100000,2.200000,0.103797
-0.368687,0.100000,2.200000,0.103615
-0.361616,0.100000,2.200000,0.103469
-0.354545,0.100000,2.200000,0.103351
-0.347475,0.100000,2.200000,0.103255
-0.340404,0.100000,2.200000,0.103177
-0.333333,0.100000,2.200000,0.103115
-0.326263,0.100000,2.200000,0.103065
-0.319192,0.100000,2.200000,0.103026
-0.312121,0.100000,2.200000,0.102995
-0.305051,0.100000,2.200000,0.102970
-0.297980,0.100000,2.200000,0.102952
-0.290909,0.100000,2.200000,0.102938
-0.283838,0.100000,2.200000,0.102927
-0.276768,0.100000,2.200000,0.102920
-0.269697,0.100000,2.200000,0.102915
-0.262626,0.100000,2.200000,0.102911
-0.255556,0.100000,2.200000,0.102910
-0.248485,0.100000,2.200000,0.102909
-0.241414,0.100000,2.200000,0.102910
-0.234343,0.100000,2.200000,0.102911
-0.227273,0.100000,2.200000,0.102913
-0.220202,0.100000,2.200000,0.102915
-0.213131,0.100000,2.200000,0.102917
-0.206061,0.100000,2.200000,0.102920
-0.198990,0.100000,2.200000,0.102923
-0.191919,0.100000,2.200000,0.102926
-0.184848,0.100000,2.200000,0.102929
-0.177778,0.100000,2.200000,0.102933
-0.170707,0.100000,2.200000,0.102936
-0.163636,0.100000,2.200000,0.102939
-0.156566,0.100000,2.200000,0.102942
-0.149495,0.100000,2.200000,0.102946
-0.142424,0.100000,2.200000,0.102949
-0.135354,0.100000,2.200000,0.102952
-0.128283,0.100000,2.200000,0.102955
-0.121212,0.100000,2.200000,0.102959
-0.114141,0.100000,2.200000,0.102962
-0.107071,0.100000,2.200000,0.102965
-0.100000,0.100000,2.200000,0.102968
-0.800000,0.100000,2.500000,0.102644
-0.792929,0.100000,2.500000,0.102659
-0.785859,0.100000,2.500000,0.102674
-0.778788,0.100000,2.500000,0.102688
-0.771717,0.100000,2.500000,0.102702
-0.764646,0.100000,2.500000,0.102716
-0.757576,0.100000,2.500000,0.102729
-0.750505,0.100000,2.500000,0.102742
-0.743434,0.100000,2.500000,0.102754
-0.736364,0.100000,2.500000,0.102766
-0.729293,0.100000,2.500000,0.102778
-0.722222,0.100000,2.500000,0.102789
-0.715152,0.100000,2.500000,0.102800
-0.708081,0.100000,2.500000,0.102811
-0.701010,0.100000,2.500000,0.102821
-0.693939,0.100000,2.500000,0.102831
-0.686869,0.100000,2.500000,0.102841
-0.679798,0.100000,2.500000,0.102851
-0.672727,0.100000,2.500000,0.102861
-0.665657,0.100000,2.500000,0.102871
-0.658586,0.100000,2.500000,0.102881
-0.651515,0.100000,2.500000,0.102892
-0.644444,0.100000,2.500000,0.102904
-0.637374,0.100000,2.500000,0.102918
-0.630303,0.100000,2.500000,0.102934
-0.623232,0.100000,2.500000,0.102953
-0.616162,0.100000,2.500000,0.102976
-0.609091,0.100000,2.500000,0.103007
-0.602020,0.100000,2.500000,0.103048
-0.594949,0.100000,2.500000,0.103104
-0.587879,0.100000,2.500000,0.103183
-0.580808,0.100000,2.500000,0.103297
-0.573737,0.100000,2.500000,0.103463
-0.566667,0.100000,2.500000,0.103710
-0.559596,0.100000,2.500000,0.104076
-0.552525,0.100000,2.500000,0.104615
-0.545455,0.100000,2.500000,0.105386
-0.538384,0.100000,2.500000,0.106442
-0.531313,0.100000,2.500000,0.107823
-0.524242,0.100000,2.500000,0.109607
-0.517172,0.100000,2.500000,0.112181
-0.510101,0.100000,2.500000,0.117079
-0.503030,0.100000,2.500000,0.130212
-0.495960,0.100000,2.500000,0.179395
-0.488889,0.100000,2.500000,0.391702
-0.481818,0.100000,2.500000,0.740198
-0.474747,0.100000,2.500000,0.773405
-0.467677,0.100000,2.500000,0.394043
-0.460606,0.100000,2.500000,0.184642
-0.453535,0.100000,2.500000,0.132177
-0.446465,0.100000,2.500000,0.116414
-0.439394,0.100000,2.500000,0.110406
-0.432323,0.100000,2.500000,0.107650
-0.425253,0.100000,2.500000,0.106192
-0.418182,0.100000,2.500000,0.105325
-0.411111,0.100000,2.500000,0.104757
-0.404040,0.100000,2.500000,0.104355
-0.396970,0.100000,2.500000,0.104055
-0.389899,0.100000,2.500000,0.103822
-0.382828,0.100000,2.500000,0.103637
-0.375758,0.100000,2.500000,0.103488
-0.368687,0.100000,2.500000,0.103368
-0.361616,0.100000,2.500000,0.103271
-0.354545,0.100000,2.500000,0.103193
-0.347475,0.100000,2.500000,0.103130
-0.340404,0.100000,2.500000,0.103079
-0.333333,0.100000,2.500000,0.103039
-0.326263,0.100000,2.500000,0.103008
-0.319192,0.100000,2.500000,0.102984
-0.312121,0.100000,2.500000,0.102965
-0.305051,0.100000,2.500000,0.102951
-0.297980,0.100000,2.500000,0.102940
-0.290909,0.100000,2.500000,0.102932
-0.283838,0.100000,2.500000,0.102927
-0.276768,0.100000,2.500000,0.102924
-0.269697,0.100000,2.500000,0.102922
-0.262626,0.100000,2.500000,0.102921
-0.255556,0.100000,2.500000,0.102921
-0.248485,0.100000,2.500000,0.102922
-0.241414,0.100000,2.500000,0.102924
-0.234343,0.100000,2.500000,0.102926
-0.227273,0.100000,2.500000,0.102928
-0.220202,0.100000,2.500000,0.102930
-0.213131,0.100000,2.500000,0.102933
-0.206061,0.100000,2.500000,0.102935
-0.198990,0.100000,2.500000,0.102938
-0.191919,0.100000,2.500000,0.102941
-0.184848,0.100000,2.500000,0.102944
-0.177778,0.100000,2.500000,0.102947
-0.170707,0.100000,2.500000,0.102950
-0.163636,0.100000,2.500000,0.102953
-0.156566,0.100000,2.500000,0.102955
-0.149495,0.100000,2.500000,0.102958
-0.142424,0.100000,2.500000,0.102961
-0.135354,0.100000,2.500000,0.102964
-0.128283,0.100000,2.500000,0.102966
-0.121212,0.100000,2.500000,0.102969
-0.114141,0.100000,2.500000,0.102972
-0.107071,0.100000,2.500000,0.102974
-0.100000,0.100000,2.500000,0.102977
-0.800000,0.100000,2.800000,0.102729
-0.792929,0.100000,2.800000,0.102742
-0.785859,0.100000,2.800000,0.102753
-0.778788,0.100000,2.800000,0.102765
-0.771717,0.100000,2.800000,0.102776
-0.764646,0.100000,2.800000,0.102786
-0.757576,0.100000,2.800000,0.102796
-0.750505,0.100000,2.800000,0.102806
-0.743434,0.100000,2.800000,0.102816
-0.736364,0.100000,2.800000,0.102825
-0.729293,0.100000,2.800000,0.102834
-0.722222,0.100000,2.800000,0.102843
-0.715152,0.100000,2.800000,0.102851
-0.708081,0.100000,2.800000,0.102860
-0.701010,0.100000,2.800000,0.102869
-0.693939,0.100000,2.800000,0.102877
-0.686869,0.100000,2.800000,0.102886
-0.679798,0.100000,2.800000,0.102896
-0.672727,0.100000,2.800000,0.102906
-0.665657,0.100000,2.800000,0.102917
-0.658586,0.100000,2.800000,0.102929
-0.651515,0.100000,2.800000,0.102943
-0.644444,0.100000,2.800000,0.102959
-0.637374,0.100000,2.800000,0.102979
-0.630303,0.100000,2.800000,0.103004
-0.623232,0.100000,2.800000,0.103036
-0.616162,0.100000,2.800000,0.103078
-0.609091,0.100000,2.800000,0.103136
-0.602020,0.100000,2.800000,0.103216
-0.594949,0.100000,2.800000,0.103331
-0.587879,0.100000,2.800000,0.103497
-0.580808,0.100000,2.800000,0.103741
-0.573737,0.100000,2.800000,0.104101
-0.566667,0.100000,2.800000,0.104626
-0.559596,0.100000,2.800000,0.105376
-0.552525,0.100000,2.800000,0.106400
-0.545455,0.100000,2.800000,0.107732
-0.538384,0.100000,2.800000,0.109424
-0.531313,0.100000,2.800000,0.111785
-0.524242,0.100000,2.800000,0.116081
-0.517172,0.100000,2.800000,0.127117
-0.510101,0.100000,2.800000,0.166667
-0.503030,0.100000,2.800000,0.339162
-0.495960,0.100000,2.800000,0.693888
-0.488889,0.100000,2.800000,0.809475
-0.481818,0.100000,2.800000,0.617798
-0.474747,0.100000,2.800000,0.254496
-0.467677,0.100000,2.800000,0.147894
-0.460606,0.100000,2.800000,0.120805
-0.453535,0.100000,2.800000,0.112048
-0.446465,0.100000,2.800000,0.108458
-0.439394,0.100000,2.800000,0.106682
-0.432323,0.100000,2.800000,0.105665
-0.425253,0.100000,2.800000,0.105014
-0.418182,0.100000,2.800000,0.104560
-0.411111,0.100000,2.800000,0.104224
-0.404040,0.100000,2.800000,0.103965
-0.396970,0.100000,2.800000,0.103759
-0.389899,0.100000,2.800000,0.103594
-0.382828,0.100000,2.800000,0.103461
-0.375758,0.100000,2.800000,0.103353
-0.368687,0.100000,2.800000,0.103266
-0.361616,0.100000,2.800000,0.103196
-0.354545,0.100000,2.800000,0.103139
-0.347475,0.100000,2.800000,0.103094
-0.340404,0.100000,2.800000,0.103058
-0.333333,0.100000,2.800000,0.103029
-0.326263,0.100000,2.800000,0.103007
-0.319192,0.100000,2.800000,0.102990
-0.312121,0.100000,2.800000,0.102977
-0.305051,0.100000,2.800000,0.102967
-0.297980,0.100000,2.800000,0.102960
-0.290909,0.100000,2.800000,0.102954
-0.283838,0.100000,2.800000,0.102951
-0.276768,0.100000,2.800000,0.102949
-0.269697,0.100000,2.800000,0.102947
-0.262626,0.100000,2.800000,0.102947
-0.255556,0.100000,2.800000,0.102947
-0.248485,0.100000,2.800000,0.102948
-0.241414,0.100000,2.800000,0.102949
-0.234343,0.100000,2.800000,0.102951
-0.227273,0.100000,2.800000,0.102953
-0.220202,0.100000,2.800000,0.102954
-0.213131,0.100000,2.800000,0.102956
-0.206061,0.100000,2.800000,0.102959
-0.198990,0.100000,2.800000,0.102961
-0.191919,0.100000,2.800000,0.102963
-0.184848,0.100000,2.800000,0.102965
-0.177778,0.100000,2.800000,0.102967
-0.170707,0.100000,2.800000,0.102970
-0.163636,0.100000,2.800000,0.102972
-0.156566,0.100000,2.800000,0.102974
-0.149495,0.100000,2.800000,0.102976
-0.142424,0.100000,2.800000,0.102979
-0.135354,0.100000,2.800000,0.102981
-0.128283,0.100000,2.800000,0.102983
-0.121212,0.100000,2.800000,0.102985
-0.114141,0.100000,2.800000,0.102987
-0.107071,0.100000,2.800000,0.102989
-0.100000,0.100000,2.800000,0.102991
-0.800000,0.100000,3.100000,0.102794
-0.792929,0.100000,3.100000,0.102802
-0.785859,0.100000,3.100000,0.102811
-0.778788,0.100000,3.100000,0.102819
-0.771717,0.100000,3.100000,0.102827
-0.764646,0.100000,3.100000,0.102834
-0.757576,0.100000,3.100000,0.102842
-0.750505,0.100000,3.100000,0.102849
-0.743434,0.100000,3.100000,0.102857
-0.736364,0.100000,3.100000,0.102864
-0.729293,0.100000,3.100000,0.102871
-0.722222,0.100000,3.100000,0.102878
-0.715152,0.100000,3.100000,0.102886
-0.708081,0.100000,3.100000,0.102893
-0.701010,0.100000,3.100000,0.102901
-0.693939,0.100000,3.100000,0.102909
-0.686869,0.100000,3.100000,0.102918
-0.679798,0.100000,3.100000,0.102928
-0.672727,0.100000,3.100000,0.102940
-0.665657,0.100000,3.100000,0.102953
-0.658586,0.100000,3.100000,0.102968
-0.651515,0.100000,3.100000,0.102986
-0.644444,0.100000,3.100000,0.103009
-0.637374,0.100000,3.100000,0.103039
-0.630303,0.100000,3.100000,0.103078
-0.623232,0.100000,3.100000,0.103130
-0.616162,0.100000,3.100000,0.103202
-0.609091,0.100000,3.100000,0.103304
-0.602020,0.100000,3.100000,0.103451
-0.594949,0.100000,3.100000,0.103666
-0.587879,0.100000,3.100000,0.103983
-0.580808,0.100000,3.100000,0.104450
-0.573737,0.100000,3.100000,0.105125
-0.566667,0.100000,3.100000,0.106065
-0.559596,0.100000,3.100000,0.107309
-0.552525,0.100000,3.100000,0.108899
-0.545455,0.100000,3.100000,0.111043
-0.538384,0.100000,3.100000,0.114671
-0.531313,0.100000,3.100000,0.123312
-0.524242,0.100000,3.100000,0.152138
-0.517172,0.100000,3.100000,0.276568
-0.510101,0.100000,3.100000,0.617075
-0.503030,0.100000,3.100000,0.799790
-0.495960,0.100000,3.100000,0.795669
-0.488889,0.100000,3.100000,0.458584
-0.481818,0.100000,3.100000,0.199226
-0.474747,0.100000,3.100000,0.133902
-0.467677,0.100000,3.100000,0.116333
-0.460606,0.100000,3.100000,0.110306
-0.453535,0.100000,3.100000,0.107692
-0.446465,0.100000,3.100000,0.106321
-0.439394,0.100000,3.100000,0.105489
-0.432323,0.100000,3.100000,0.104929
-0.425253,0.100000,3.100000,0.104522
-0.418182,0.100000,3.100000,0.104213
-0.411111,0.100000,3.100000,0.103970
-0.404040,0.100000,3.100000,0.103775
-0.396970,0.100000,3.100000,0.103618
-0.389899,0.100000,3.100000,0.103491
-0.382828,0.100000,3.100000,0.103387
-0.375758,0.100000,3.100000,0.103303
-0.368687,0.100000,3.100000,0.103235
-0.361616,0.100000,3.100000,0.103180
-0.354545,0.100000,3.100000,0.103136
-0.347475,0.100000,3.100000,0.103100
-0.340404,0.100000,3.100000,0.103071
-0.333333,0.100000,3.100000,0.103049
-0.326263,0.100000,3.100000,0.103031
-0.319192,0.100000,3.100000,0.103017
-0.312121,0.100000,3.100000,0.103006
-0.305051,0.100000,3.100000,0.102997
-0.297980,0.100000,3.100000,0.102990
-0.290909,0.100000,3.100000,0.102985
-0.283838,0.100000,3.100000,0.102982
-0.276768,0.100000,3.100000,0.102979
-0.269697,0.100000,3.100000,0.102978
-0.262626,0.100000,3.100000,0.102977
-0.255556,0.100000,3.100000,0.102976
-0.248485,0.100000,3.100000,0.102976
-0.241414,0.100000,3.100000,0.102977
-0.234343,0.100000,3.100000,0.102977
-0.227273,0.100000,3.100000,0.102978
-0.220202,0.100000,3.100000,0.102979
-0.213131,0.100000,3.100000,0.102981
-0.206061,0.100000,3.100000,0.102982
-0.198990,0.100000,3.100000,0.102983
-0.191919,0.100000,3.100000,0.102985
-0.184848,0.100000,3.100000,0.102986
-0.177778,0.100000,3.100000,0.102988
-0.170707,0.100000,3.100000,0.102989
-0.163636,0.100000,3.100000,0.102991
-0.156566,0.100000,3.100000,0.102993
-0.149495,0.100000,3.100000,0.102994
-0.142424,0.100000,3.100000,0.102996
-0.135354,0.100000,3.100000,0.102997
-0.128283,0.100000,3.100000,0.102999
-0.121212,0.100000,3.100000,0.103001
-0.114141,0.100000,3.100000,0.103002
-0.107071,0.100000,3.100000,0.103004
-0.100000,0.100000,3.100000,0.103005
-0.800000,0.100000,3.400000,0.102832
-0.792929,0.100000,3.400000,0.102839
-0.785859,0.100000,3.400000,0.102845
-0.778788,0.100000,3.400000,0.102850
-0.771717,0.100000,3.400000,0.102856
-0.764646,0.100000,3.400000,0.102862
-0.757576,0.100000,3.400000,0.102868
-0.750505,0.100000,3.400000,0.102873
-0.743434,0.100000,3.400000,0.102879
-0.736364,0.100000,3.400000,0.102885
-0.729293,0.100000,3.400000,0.102891
-0.722222,0.100000,3.400000,0.102898
-0.715152,0.100000,3.400000,0.102904
-0.708081,0.100000,3.400000,0.102911
-0.701010,0.100000,3.400000,0.102919
-0.693939,0.100000,3.400000,0.102928
-0.686869,0.100000,3.400000,0.102938
-0.679798,0.100000,3.400000,0.102949
-0.672727,0.100000,3.400000,0.102962
-0.665657,0.100000,3.400000,0.102978
-0.658586,0.100000,3.400000,0.102998
-0.651515,0.100000,3.400000,0.103024
-0.644444,0.100000,3.400000,0.103056
-0.637374,0.100000,3.400000,0.103100
-0.630303,0.100000,3.400000,0.103161
-0.623232,0.100000,3.400000,0.103246
-0.616162,0.100000,3.400000,0.103367
-0.609091,0.100000,3.400000,0.103545
-0.602020,0.100000,3.400000,0.103809
-0.594949,0.100000,3.400000,0.104200
-0.587879,0.100000,3.400000,0.104777
-0.580808,0.100000,3.400000,0.105602
-0.573737,0.100000,3.400000,0.106731
-0.566667,0.100000,3.400000,0.108204
-0.559596,0.100000,3.400000,0.110155
-0.552525,0.100000,3.400000,0.113207
-0.545455,0.100000,3.400000,0.119793
-0.538384,0.100000,3.400000,0.139805
-0.531313,0.100000,3.400000,0.221694
-0.524242,0.100000,3.400000,0.509401
-0.517172,0.100000,3.400000,0.769892
-0.510101,0.100000,3.400000,0.818756
-0.503030,0.100000,3.400000,0.748790
-0.495960,0.100000,3.400000,0.366349
-0.488889,0.100000,3.400000,0.176450
-0.481818,0.100000,3.400000,0.128376
-0.474747,0.100000,3.400000,0.114639
-0.467677,0.100000,3.400000,0.109701
-0.460606,0.100000,3.400000,0.107476
-0.453535,0.100000,3.400000,0.106265
-0.446465,0.100000,3.400000,0.105504
-0.439394,0.100000,3.400000,0.104975
-0.432323,0.100000,3.400000,0.104584
-0.425253,0.100000,3.400000,0.104281
-0.418182,0.100000,3.400000,0.104041
-0.411111,0.100000,3.400000,0.103848
-0.404040,0.100000,3.400000,0.103691
-0.396970,0.100000,3.400000,0.103562
-0.389899,0.100000,3.400000,0.103458
-0.382828,0.100000,3.400000,0.103372
-0.375758,0.100000,3.400000,0.103302
-0.368687,0.100000,3.400000,0.103245
-0.361616,0.100000,3.400000,0.103198
-0.354545,0.100000,3.400000,0.103160
-0.347475,0.100000,3.400000,0.103129
-0.340404,0.100000,3.400000,0.103104
-0.333333,0.100000,3.400000,0.103083
-0.326263,0.100000,3.400000,0.103067
-0.319192,0.100000,3.400000,0.103053
-0.312121,0.100000,3.400000,0.103042
-0.305051,0.100000,3.400000,0.103033
-0.297980,0.100000,3.400000,0.103026
-0.290909,0.100000,3.400000,0.103020
-0.283838,0.100000,3.400000,0.103016
-0.276768,0.100000,3.400000,0.103012
-0.269697,0.100000,3.400000,0.103009
-0.262626,0.100000,3.400000,0.103007
-0.255556,0.100000,3.400000,0.103006
-0.248485,0.100000,3.400000,0.103005
-0.241414,0.100000,3.400000,0.103004
-0.234343,0.100000,3.400000,0.103004
-0.227273,0.100000,3.400000,0.103004
-0.220202,0.100000,3.400000,0.103004
-0.213131,0.100000,3.400000,0.103004
-0.206061,0.100000,3.400000,0.103004
-0.198990,0.100000,3.400000,0.103005
-0.191919,0.100000,3.400000,0.103005
-0.184848,0.100000,3.400000,0.103006
-0.177778,0.100000,3.400000,0.103007
-0.170707,0.100000,3.400000,0.103008
-0.163636,0.100000,3.400000,0.103009
-0.156566,0.100000,3.400000,0.103010
-0.149495,0.100000,3.400000,0.103011
-0.142424,0.100000,3.400000,0.103012
-0.135354,0.100000,3.400000,0.103013
-0.128283,0.100000,3.400000,0.103014
-0.121212,0.100000,3.400000,0.103015
-0.114141,0.100000,3.400000,0.103016
-0.107071,0.100000,3.400000,0.103018
-0.100000,0.100000,3.400000,0.103019
-0.800000,0.100000,3.700000,0.102852
-0.792929,0.100000,3.700000,0.102856
-0.785859,0.100000,3.700000,0.102861
-0.778788,0.100000,3.700000,0.102865
-0.771717,0.100000,3.700000,0.102870
-0.764646,0.100000,3.700000,0.102874
-0.757576,0.100000,3.700000,0.102879
-0.750505,0.100000,3.700000,0.102884
-0.743434,0.100000,3.700000,0.102889
-0.736364,0.100000,3.700000,0.102894
-0.729293,0.100000,3.700000,0.102900
-0.722222,0.100000,3.700000,0.102906
-0.715152,0.100000,3.700000,0.102912
-0.708081,0.100000,3.700000,0.102920
-0.701010,0.100000,3.700000,0.102928
-0.693939,0.100000,3.700000,0.102938
-0.686869,0.100000,3.700000,0.102949
-0.679798,0.100000,3.700000,0.102963
-0.672727,0.100000,3.700000,0.102980
-0.665657,0.100000,3.700000,0.103001
-0.658586,0.100000,3.700000,0.103028
-0.651515,0.100000,3.700000,0.103064
-0.644444,0.100000,3.700000,0.103113
-0.637374,0.100000,3.700000,0.103182
-0.630303,0.100000,3.700000,0.103280
-0.623232,0.100000,3.700000,0.103423
-0.616162,0.100000,3.700000,0.103636
-0.609091,0.100000,3.700000,0.103954
-0.602020,0.100000,3.700000,0.104431
-0.594949,0.100000,3.700000,0.105132
-0.587879,0.100000,3.700000,0.106124
-0.580808,0.100000,3.700000,0.107462
-0.573737,0.100000,3.700000,0.109238
-0.566667,0.100000,3.700000,0.111850
-0.559596,0.100000,3.700000,0.116912
-0.552525,0.100000,3.700000,0.130723
-0.545455,0.100000,3.700000,0.182386
-0.538384,0.100000,3.700000,0.390910
-0.531313,0.100000,3.700000,0.713143
-0.524242,0.100000,3.700000,0.810824
-0.517172,0.100000,3.700000,0.820120
-0.510101,0.100000,3.700000,0.693095
-0.503030,0.100000,3.700000,0.322291
-0.495960,0.100000,3.700000,0.168246
-0.488889,0.100000,3.700000,0.126970
-0.481818,0.100000,3.700000,0.114435
-0.474747,0.100000,3.700000,0.109757
-0.467677,0.100000,3.700000,0.107603
-0.460606,0.100000,3.700000,0.106412
-0.453535,0.100000,3.700000,0.105654
-0.446465,0.100000,3.700000,0.105123
-0.439394,0.100000,3.700000,0.104725
-0.432323,0.100000,3.700000,0.104415
-0.425253,0.100000,3.700000,0.104169
-0.418182,0.100000,3.700000,0.103969
-0.411111,0.100000,3.700000,0.103806
-0.404040,0.100000,3.700000,0.103672
-0.396970,0.100000,3.700000,0.103562
-0.389899,0.100000,3.700000,0.103471
-0.382828,0.100000,3.700000,0.103396
-0.375758,0.100000,3.700000,0.103333
-0.368687,0.100000,3.700000,0.103282
-0.361616,0.100000,3.700000,0.103239
-0.354545,0.100000,3.700000,0.103203
-0.347475,0.100000,3.700000,0.103173
-0.340404,0.100000,3.700000,0.103149
-0.333333,0.100000,3.700000,0.103128
-0.326263,0.100000,3.700000,0.103111
-0.319192,0.100000,3.700000,0.103096
-0.312121,0.100000,3.700000,0.103084
-0.305051,0.100000,3.700000,0.103074
-0.297980,0.100000,3.700000,0.103065
-0.290909,0.100000,3.700000,0.103058
-0.283838,0.100000,3.700000,0.103052
-0.276768,0.100000,3.700000,0.103047
-0.269697,0.100000,3.700000,0.103042
-0.262626,0.100000,3.700000,0.103039
-0.255556,0.100000,3.700000,0.103036
-0.248485,0.100000,3.700000,0.103033
-0.241414,0.100000,3.700000,0.103031
-0.234343,0.100000,3.700000,0.103030
-0.227273,0.100000,3.700000,0.103028
-0.220202,0.100000,3.700000,0.103027
-0.213131,0.100000,3.700000,0.103027
-0.206061,0.100000,3.700000,0.103026
-0.198990,0.100000,3.700000,0.103026
-0.191919,0.100000,3.700000,0.103026
-0.184848,0.100000,3.700000,0.103025
-0.177778,0.100000,3.700000,0.103025
-0.170707,0.100000,3.700000,0.103026
-0.163636,0.100000,3.700000,0.103026
-0.156566,0.100000,3.700000,0.103026
-0.149495,0.100000,3.700000,0.103027
-0.142424,0.100000,3.700000,0.103027
-0.135354,0.100000,3.700000,0.103028
-0.128283,0.100000,3.700000,0.103028
-0.121212,0.100000,3.700000,0.103029
-0.114141,0.100000,3.700000,0.103030
-0.107071,0.100000,3.700000,0.103030
-0.100000,0.100000,3.700000,0.103031
-0.800000,0.100000,4.000000,0.102858
-0.792929,0.100000,4.000000,0.102862
-0.785859,0.100000,4.000000,0.102866
-0.778788,0.100000,4.000000,0.102869
-0.771717,0.100000,4.000000,0.102873
-0.764646,0.100000,4.000000,0.102877
-0.757576,0.100000,4.000000,0.102882
-0.750505,0.100000,4.000000,0.102886
-0.743434,0.100000,4.000000,0.102891
-0.736364,0.100000,4.000000,0.102896
-0.729293,0.100000,4.000000,0.102902
-0.722222,0.100000,4.000000,0.102908
-0.715152,0.100000,4.000000,0.102915
-0.708081,0.100000,4.000000,0.102923
-0.701010,0.100000,4.000000,0.102933
-0.693939,0.100000,4.000000,0.102945
-0.686869,0.100000,4.000000,0.102959
-0.679798,0.100000,4.000000,0.102977
-0.672727,0.100000,4.000000,0.102999
-0.665657,0.100000,4.000000,0.103029
-0.658586,0.100000,4.000000,0.103069
-0.651515,0.100000,4.000000,0.103125
-0.644444,0.100000,4.000000,0.103204
-0.637374,0.100000,4.000000,0.103318
-0.630303,0.100000,4.000000,0.103489
-0.623232,0.100000,4.000000,0.103746
-0.616162,0.100000,4.000000,0.104134
-0.609091,0.100000,4.000000,0.104717
-0.602020,0.100000,4.000000,0.105567
-0.594949,0.100000,4.000000,0.106755
-0.587879,0.100000,4.000000,0.108361
-0.580808,0.100000,4.000000,0.110643
-0.573737,0.100000,4.000000,0.114650
-0.566667,0.100000,4.000000,0.124404
-0.559596,0.100000,4.000000,0.157131
-0.552525,0.100000,4.000000,0.291872
-0.545455,0.100000,4.000000,0.618176
-0.538384,0.100000,4.000000,0.791325
-0.531313,0.100000,4.000000,0.821153
-0.524242,0.100000,4.000000,0.816724
-0.517172,0.100000,4.000000,0.651569
-0.510101,0.100000,4.000000,0.307285
-0.503030,0.100000,4.000000,0.168542
-0.495960,0.100000,4.000000,0.128356
-0.488889,0.100000,4.000000,0.115374
-0.481818,0.100000,4.000000,0.110363
-0.474747,0.100000,4.000000,0.108033
-0.467677,0.100000,4.000000,0.106747
-0.460606,0.100000,4.000000,0.105934
-0.453535,0.100000,4.000000,0.105367
-0.446465,0.100000,4.000000,0.104944
-0.439394,0.100000,4.000000,0.104615
-0.432323,0.100000,4.000000,0.104353
-0.425253,0.100000,4.000000,0.104140
-0.418182,0.100000,4.000000,0.103965
-0.411111,0.100000,4.000000,0.103821
-0.404040,0.100000,4.000000,0.103701
-0.396970,0.100000,4.000000,0.103601
-0.389899,0.100000,4.000000,0.103517
-0.382828,0.100000,4.000000,0.103447
-0.375758,0.100000,4.000000,0.103388
-0.368687,0.100000,4.000000,0.103338
-0.361616,0.100000,4.000000,0.103296
-0.354545,0.100000,4.000000,0.103260
-0.347475,0.100000,4.000000,0.103229
-0.340404,0.100000,4.000000,0.103203
-0.333333,0.100000,4.000000,0.103181
-0.326263,0.100000,4.000000,0.103162
-0.319192,0.100000,4.000000,0.103145
-0.312121,0.100000,4.000000,0.103131
-0.305051,0.100000,4.000000,0.103118
-0.297980,0.100000,4.000000,0.103107
-0.290909,0.100000,4.000000,0.103098
-0.283838,0.100000,4.000000,0.103090
-0.276768,0.100000,4.000000,0.103083
-0.269697,0.100000,4.000000,0.103077
-0.262626,0.100000,4.000000,0.103072
-0.255556,0.100000,4.000000,0.103067
-0.248485,0.100000,4.000000,0.103063
-0.241414,0.100000,4.000000,0.103060
-0.234343,0.100000,4.000000,0.103057
-0.227273,0.100000,4.000000,0.103054
-0.220202,0.100000,4.000000,0.103052
-0.213131,0.100000,4.000000,0.103050
-0.206061,0.100000,4.000000,0.103048
-0.198990,0.100000,4.000000,0.103047
-0.191919,0.100000,4.000000,0.103046
-0.184848,0.100000,4.000000,0.103045
-0.177778,0.100000,4.000000,0.103044
-0.170707,0.100000,4.000000,0.103043
-0.163636,0.100000,4.000000,0.103043
-0.156566,0.100000,4.000000,0.103043
-0.149495,0.100000,4.000000,0.103042
-0.142424,0.100000,4.000000,0.103042
-0.135354,0.100000,4.000000,0.103042
-0.128283,0.100000,4.000000,0.103042
-0.121212,0.100000,4.000000,0.103042
-0.114141,0.100000,4.000000,0.103042
-0.107071,0.100000,4.000000,0.103043
-0.100000,0.100000,4.000000,0.103043
-0.800000,0.100000,4.300000,0.102858
-0.792929,0.100000,4.300000,0.102862
-0.785859,0.100000,4.300000,0.102865
-0.778788,0.100000,4.300000,0.102868
-0.771717,0.100000,4.300000,0.102872
-0.764646,0.100000,4.300000,0.102876
-0.757576,0.100000,4.300000,0.102880
-0.750505,0.100000,4.300000,0.102885
-0.743434,0.100000,4.300000,0.102889
-0.736364,0.100000,4.300000,0.102895
-0.729293,0.100000,4.300000,0.102901
-0.722222,0.100000,4.300000,0.102909
-0.715152,0.100000,4.300000,0.102917
-0.708081,0.100000,4.300000,0.102927
-0.701010,0.100000,4.300000,0.102939
-0.693939,0.100000,4.300000,0.102954
-0.686869,0.100000,4.300000,0.102973
-0.679798,0.100000,4.300000,0.102998
-0.672727,0.100000,4.300000,0.103032
-0.665657,0.100000,4.300000,0.103077
-0.658586,0.100000,4.300000,0.103142
-0.651515,0.100000,4.300000,0.103235
-0.644444,0.100000,4.300000,0.103373
-0.637374,0.100000,4.300000,0.103581
-0.630303,0.100000,4.300000,0.103898
-0.623232,0.100000,4.300000,0.104379
-0.616162,0.100000,4.300000,0.105097
-0.609091,0.100000,4.300000,0.106132
-0.602020,0.100000,4.300000,0.107568
-0.594949,0.100000,4.300000,0.109587
-0.587879,0.100000,4.300000,0.112877
-0.580808,0.100000,4.300000,0.120040
-0.573737,0.100000,4.300000,0.141484
-0.566667,0.100000,4.300000,0.224714
-0.559596,0.100000,4.300000,0.494247
-0.552525,0.100000,4.300000,0.751869
-0.545455,0.100000,4.300000,0.814253
-0.538384,0.100000,4.300000,0.824070
-0.531313,0.100000,4.300000,0.812213
-0.524242,0.100000,4.300000,0.632645
-0.517172,0.100000,4.300000,0.311960
-0.510101,0.100000,4.300000,0.175573
-0.503030,0.100000,4.300000,0.132406
-0.495960,0.100000,4.300000,0.117540
-0.488889,0.100000,4.300000,0.111603
-0.481818,0.100000,4.300000,0.108823
-0.474747,0.100000,4.300000,0.107308
-0.467677,0.100000,4.300000,0.106369
-0.460606,0.100000,4.300000,0.105725
-0.453535,0.100000,4.300000,0.105253
-0.446465,0.100000,4.300000,0.104889
-0.439394,0.100000,4.300000,0.104600
-0.432323,0.100000,4.300000,0.104365
-0.425253,0.100000,4.300000,0.104173
-0.418182,0.100000,4.300000,0.104013
-0.411111,0.100000,4.300000,0.103879
-0.404040,0.100000,4.300000,0.103766
-0.396970,0.100000,4.300000,0.103671
-0.389899,0.100000,4.300000,0.103590
-0.382828,0.100000,4.300000,0.103521
-0.375758,0.100000,4.300000,0.103462
-0.368687,0.100000,4.300000,0.103410
-0.361616,0.100000,4.300000,0.103366
-0.354545,0.100000,4.300000,0.103329
-0.347475,0.100000,4.300000,0.103296
-0.340404,0.100000,4.300000,0.103267
-0.333333,0.100000,4.300000,0.103241
-0.326263,0.100000,4.300000,0.103219
-0.319192,0.100000,4.300000,0.103200
-0.312121,0.100000,4.300000,0.103183
-0.305051,0.100000,4.300000,0.103168
-0.297980,0.100000,4.300000,0.103155
-0.290909,0.100000,4.300000,0.103143
-0.283838,0.100000,4.300000,0.103132
-0.276768,0.100000,4.300000,0.103123
-0.269697,0.100000,4.300000,0.103115
-0.262626,0.100000,4.300000,0.103108
-0.255556,0.100000,4.300000,0.103101
-0.248485,0.100000,4.300000,0.103095
-0.241414,0.100000,4.300000,0.103090
-0.234343,0.100000,4.300000,0.103086
-0.227273,0.100000,4.300000,0.103081
-0.220202,0.100000,4.300000,0.103078
-0.213131,0.100000,4.300000,0.103075
-0.206061,0.100000,4.300000,0.103072
-0.198990,0.100000,4.300000,0.103069
-0.191919,0.100000,4.300000,0.103067
-0.184848,0.100000,4.300000,0.103065
-0.177778,0.100000,4.300000,0.103063
-0.170707,0.100000,4.300000,0.103062
-0.163636,0.100000,4.300000,0.103060
-0.156566,0.100000,4.300000,0.103059
-0.149495,0.100000,4.300000,0.103058
-0.142424,0.100000,4.300000,0.103058
-0.135354,0.100000,4.300000,0.103057
-0.128283,0.100000,4.300000,0.103056
-0.121212,0.100000,4.300000,0.103056
-0.114141,0.100000,4.300000,0.103055
-0.107071,0.100000,4.300000,0.103055
-0.100000,0.100000,4.300000,0.103055
